DATAFLOW,LAST UPDATE,freq,indic_de,geo,TIME_PERIOD,OBS_VALUE,OBS_FLAG,CONF_STATUS
ESTAT:TPS00001(1.0),14/10/25 23:00:00,Annual,Population on 1 January - total,Andorra,2016,71732,,
ESTAT:TPS00001(1.0),14/10/25 23:00:00,Annual,Population on 1 January - total,Andorra,2018,74794,e,
ESTAT:TPS00001(1.0),14/10/25 23:00:00,Annual,Population on 1 January - total,Andorra,2019,76177,,
ESTAT:TPS00001(1.0),14/10/25 23:00:00,Annual,Population on 1 January - total,Andorra,2020,77543,e,
ESTAT:TPS00001(1.0),14/10/25 23:00:00,Annual,Population on 1 January - total,Andorra,2022,79535,,
ESTAT:TPS00001(1.0),14/10/25 23:00:00,Annual,Population on 1 January - total,Andorra,2023,81588,,
ESTAT:TPS00001(1.0),14/10/25 23:00:00,Annual,Population on 1 January - total,Andorra,2024,85101,,
ESTAT:TPS00001(1.0),14/10/25 23:00:00,Annual,Population on 1 January - total,Albania,2014,2892394,,
ESTAT:TPS00001(1.0),14/10/25 23:00:00,Annual,Population on 1 January - total,Albania,2015,2885796,,
ESTAT:TPS00001(1.0),14/10/25 23:00:00,Annual,Population on 1 January - total,Albania,2016,2875592,,
ESTAT:TPS00001(1.0),14/10/25 23:00:00,Annual,Population on 1 January - total,Albania,2017,2876591,,
ESTAT:TPS00001(1.0),14/10/25 23:00:00,Annual,Population on 1 January - total,Albania,2018,2870324,,
ESTAT:TPS00001(1.0),14/10/25 23:00:00,Annual,Population on 1 January - total,Albania,2019,2862427,,
ESTAT:TPS00001(1.0),14/10/25 23:00:00,Annual,Population on 1 January - total,Albania,2020,2845955,,
ESTAT:TPS00001(1.0),14/10/25 23:00:00,Annual,Population on 1 January - total,Albania,2021,2829741,,
ESTAT:TPS00001(1.0),14/10/25 23:00:00,Annual,Population on 1 January - total,Albania,2022,2793592,,
ESTAT:TPS00001(1.0),14/10/25 23:00:00,Annual,Population on 1 January - total,Albania,2023,2761785,,
ESTAT:TPS00001(1.0),14/10/25 23:00:00,Annual,Population on 1 January - total,Albania,2024,2390942,,
ESTAT:TPS00001(1.0),14/10/25 23:00:00,Annual,Population on 1 January - total,Albania,2025,2363314,,
ESTAT:TPS00001(1.0),14/10/25 23:00:00,Annual,Population on 1 January - total,Armenia,2014,3017079,,
ESTAT:TPS00001(1.0),14/10/25 23:00:00,Annual,Population on 1 January - total,Armenia,2015,3010598,,
ESTAT:TPS00001(1.0),14/10/25 23:00:00,Annual,Population on 1 January - total,Armenia,2016,2998577,,
ESTAT:TPS00001(1.0),14/10/25 23:00:00,Annual,Population on 1 January - total,Armenia,2017,2986151,,
ESTAT:TPS00001(1.0),14/10/25 23:00:00,Annual,Population on 1 January - total,Armenia,2018,2972732,,
ESTAT:TPS00001(1.0),14/10/25 23:00:00,Annual,Population on 1 January - total,Armenia,2019,2965269,,
ESTAT:TPS00001(1.0),14/10/25 23:00:00,Annual,Population on 1 January - total,Armenia,2020,2959694,,
ESTAT:TPS00001(1.0),14/10/25 23:00:00,Annual,Population on 1 January - total,Armenia,2021,2963251,,
ESTAT:TPS00001(1.0),14/10/25 23:00:00,Annual,Population on 1 January - total,Armenia,2023,2977130,,
ESTAT:TPS00001(1.0),14/10/25 23:00:00,Annual,Population on 1 January - total,Armenia,2024,2991201,,
ESTAT:TPS00001(1.0),14/10/25 23:00:00,Annual,Population on 1 January - total,Armenia,2025,3076252,,
ESTAT:TPS00001(1.0),14/10/25 23:00:00,Annual,Population on 1 January - total,Austria,2014,8507786,,
ESTAT:TPS00001(1.0),14/10/25 23:00:00,Annual,Population on 1 January - total,Austria,2015,8584926,,
ESTAT:TPS00001(1.0),14/10/25 23:00:00,Annual,Population on 1 January - total,Austria,2016,8700471,,
ESTAT:TPS00001(1.0),14/10/25 23:00:00,Annual,Population on 1 January - total,Austria,2017,8772865,,
ESTAT:TPS00001(1.0),14/10/25 23:00:00,Annual,Population on 1 January - total,Austria,2018,8822267,,
ESTAT:TPS00001(1.0),14/10/25 23:00:00,Annual,Population on 1 January - total,Austria,2019,8858775,,
ESTAT:TPS00001(1.0),14/10/25 23:00:00,Annual,Population on 1 January - total,Austria,2020,8901064,,
ESTAT:TPS00001(1.0),14/10/25 23:00:00,Annual,Population on 1 January - total,Austria,2021,8932664,,
ESTAT:TPS00001(1.0),14/10/25 23:00:00,Annual,Population on 1 January - total,Austria,2022,8978929,,
ESTAT:TPS00001(1.0),14/10/25 23:00:00,Annual,Population on 1 January - total,Austria,2023,9104772,,
ESTAT:TPS00001(1.0),14/10/25 23:00:00,Annual,Population on 1 January - total,Austria,2024,9158750,,
ESTAT:TPS00001(1.0),14/10/25 23:00:00,Annual,Population on 1 January - total,Austria,2025,9197213,,
ESTAT:TPS00001(1.0),14/10/25 23:00:00,Annual,Population on 1 January - total,Azerbaijan,2014,9477119,,
ESTAT:TPS00001(1.0),14/10/25 23:00:00,Annual,Population on 1 January - total,Azerbaijan,2015,9593038,,
ESTAT:TPS00001(1.0),14/10/25 23:00:00,Annual,Population on 1 January - total,Azerbaijan,2016,9705643,,
ESTAT:TPS00001(1.0),14/10/25 23:00:00,Annual,Population on 1 January - total,Azerbaijan,2017,9809981,,
ESTAT:TPS00001(1.0),14/10/25 23:00:00,Annual,Population on 1 January - total,Azerbaijan,2018,9898085,,
ESTAT:TPS00001(1.0),14/10/25 23:00:00,Annual,Population on 1 January - total,Azerbaijan,2019,9981457,,
ESTAT:TPS00001(1.0),14/10/25 23:00:00,Annual,Population on 1 January - total,Azerbaijan,2020,10067108,,
ESTAT:TPS00001(1.0),14/10/25 23:00:00,Annual,Population on 1 January - total,Azerbaijan,2021,10119133,,
ESTAT:TPS00001(1.0),14/10/25 23:00:00,Annual,Population on 1 January - total,Azerbaijan,2022,10156366,,
ESTAT:TPS00001(1.0),14/10/25 23:00:00,Annual,Population on 1 January - total,Azerbaijan,2023,10127145,,
ESTAT:TPS00001(1.0),14/10/25 23:00:00,Annual,Population on 1 January - total,Azerbaijan,2024,10180770,,
ESTAT:TPS00001(1.0),14/10/25 23:00:00,Annual,Population on 1 January - total,Azerbaijan,2025,10224889,,
ESTAT:TPS00001(1.0),14/10/25 23:00:00,Annual,Population on 1 January - total,Bosnia and Herzegovina,2014,3830911,,
ESTAT:TPS00001(1.0),14/10/25 23:00:00,Annual,Population on 1 January - total,Bosnia and Herzegovina,2015,3825334,,
ESTAT:TPS00001(1.0),14/10/25 23:00:00,Annual,Population on 1 January - total,Bosnia and Herzegovina,2016,3515982,,
ESTAT:TPS00001(1.0),14/10/25 23:00:00,Annual,Population on 1 January - total,Bosnia and Herzegovina,2017,3509728,,
ESTAT:TPS00001(1.0),14/10/25 23:00:00,Annual,Population on 1 January - total,Bosnia and Herzegovina,2018,3500295,,
ESTAT:TPS00001(1.0),14/10/25 23:00:00,Annual,Population on 1 January - total,Bosnia and Herzegovina,2019,3492018,p,
ESTAT:TPS00001(1.0),14/10/25 23:00:00,Annual,Population on 1 January - total,Bosnia and Herzegovina,2022,3464384,p,
ESTAT:TPS00001(1.0),14/10/25 23:00:00,Annual,Population on 1 January - total,Bosnia and Herzegovina,2023,3441194,p,
ESTAT:TPS00001(1.0),14/10/25 23:00:00,Annual,Population on 1 January - total,Bosnia and Herzegovina,2024,3417089,p,
ESTAT:TPS00001(1.0),14/10/25 23:00:00,Annual,Population on 1 January - total,Bosnia and Herzegovina,2025,3406568,p,
ESTAT:TPS00001(1.0),14/10/25 23:00:00,Annual,Population on 1 January - total,Belgium,2014,11180840,,
ESTAT:TPS00001(1.0),14/10/25 23:00:00,Annual,Population on 1 January - total,Belgium,2015,11237274,,
ESTAT:TPS00001(1.0),14/10/25 23:00:00,Annual,Population on 1 January - total,Belgium,2016,11311117,,
ESTAT:TPS00001(1.0),14/10/25 23:00:00,Annual,Population on 1 January - total,Belgium,2017,11351727,,
ESTAT:TPS00001(1.0),14/10/25 23:00:00,Annual,Population on 1 January - total,Belgium,2018,11398589,,
ESTAT:TPS00001(1.0),14/10/25 23:00:00,Annual,Population on 1 January - total,Belgium,2019,11455519,,
ESTAT:TPS00001(1.0),14/10/25 23:00:00,Annual,Population on 1 January - total,Belgium,2020,11522440,,
ESTAT:TPS00001(1.0),14/10/25 23:00:00,Annual,Population on 1 January - total,Belgium,2021,11554767,,
ESTAT:TPS00001(1.0),14/10/25 23:00:00,Annual,Population on 1 January - total,Belgium,2022,11617623,,
ESTAT:TPS00001(1.0),14/10/25 23:00:00,Annual,Population on 1 January - total,Belgium,2023,11742796,,
ESTAT:TPS00001(1.0),14/10/25 23:00:00,Annual,Population on 1 January - total,Belgium,2024,11817096,,
ESTAT:TPS00001(1.0),14/10/25 23:00:00,Annual,Population on 1 January - total,Belgium,2025,11900123,p,
ESTAT:TPS00001(1.0),14/10/25 23:00:00,Annual,Population on 1 January - total,Bulgaria,2014,7117453,,
ESTAT:TPS00001(1.0),14/10/25 23:00:00,Annual,Population on 1 January - total,Bulgaria,2015,7029690,,
ESTAT:TPS00001(1.0),14/10/25 23:00:00,Annual,Population on 1 January - total,Bulgaria,2016,6938759,,
ESTAT:TPS00001(1.0),14/10/25 23:00:00,Annual,Population on 1 January - total,Bulgaria,2017,6849518,,
ESTAT:TPS00001(1.0),14/10/25 23:00:00,Annual,Population on 1 January - total,Bulgaria,2018,6757418,,
ESTAT:TPS00001(1.0),14/10/25 23:00:00,Annual,Population on 1 January - total,Bulgaria,2019,6664177,,
ESTAT:TPS00001(1.0),14/10/25 23:00:00,Annual,Population on 1 January - total,Bulgaria,2020,6569275,,
ESTAT:TPS00001(1.0),14/10/25 23:00:00,Annual,Population on 1 January - total,Bulgaria,2021,6532117,,
ESTAT:TPS00001(1.0),14/10/25 23:00:00,Annual,Population on 1 January - total,Bulgaria,2022,6482484,,
ESTAT:TPS00001(1.0),14/10/25 23:00:00,Annual,Population on 1 January - total,Bulgaria,2023,6447710,,
ESTAT:TPS00001(1.0),14/10/25 23:00:00,Annual,Population on 1 January - total,Bulgaria,2024,6445481,,
ESTAT:TPS00001(1.0),14/10/25 23:00:00,Annual,Population on 1 January - total,Bulgaria,2025,6437360,,
ESTAT:TPS00001(1.0),14/10/25 23:00:00,Annual,Population on 1 January - total,Belarus,2014,9468154,,
ESTAT:TPS00001(1.0),14/10/25 23:00:00,Annual,Population on 1 January - total,Belarus,2015,9480868,e,
ESTAT:TPS00001(1.0),14/10/25 23:00:00,Annual,Population on 1 January - total,Belarus,2016,9498364,,
ESTAT:TPS00001(1.0),14/10/25 23:00:00,Annual,Population on 1 January - total,Belarus,2017,9504704,,
ESTAT:TPS00001(1.0),14/10/25 23:00:00,Annual,Population on 1 January - total,Belarus,2018,9491823,,
ESTAT:TPS00001(1.0),14/10/25 23:00:00,Annual,Population on 1 January - total,Belarus,2019,9475174,,
ESTAT:TPS00001(1.0),14/10/25 23:00:00,Annual,Population on 1 January - total,Belarus,2020,9408350,,
ESTAT:TPS00001(1.0),14/10/25 23:00:00,Annual,Population on 1 January - total,Switzerland,2014,8139631,,
ESTAT:TPS00001(1.0),14/10/25 23:00:00,Annual,Population on 1 January - total,Switzerland,2015,8237666,,
ESTAT:TPS00001(1.0),14/10/25 23:00:00,Annual,Population on 1 January - total,Switzerland,2016,8327126,,
ESTAT:TPS00001(1.0),14/10/25 23:00:00,Annual,Population on 1 January - total,Switzerland,2017,8419550,,
ESTAT:TPS00001(1.0),14/10/25 23:00:00,Annual,Population on 1 January - total,Switzerland,2018,8484130,,
ESTAT:TPS00001(1.0),14/10/25 23:00:00,Annual,Population on 1 January - total,Switzerland,2019,8544527,,
ESTAT:TPS00001(1.0),14/10/25 23:00:00,Annual,Population on 1 January - total,Switzerland,2020,8606033,,
ESTAT:TPS00001(1.0),14/10/25 23:00:00,Annual,Population on 1 January - total,Switzerland,2021,8670300,,
ESTAT:TPS00001(1.0),14/10/25 23:00:00,Annual,Population on 1 January - total,Switzerland,2022,8738791,,
ESTAT:TPS00001(1.0),14/10/25 23:00:00,Annual,Population on 1 January - total,Switzerland,2023,8815385,,
ESTAT:TPS00001(1.0),14/10/25 23:00:00,Annual,Population on 1 January - total,Switzerland,2024,8962258,,
ESTAT:TPS00001(1.0),14/10/25 23:00:00,Annual,Population on 1 January - total,Switzerland,2025,9048905,p,
ESTAT:TPS00001(1.0),14/10/25 23:00:00,Annual,Population on 1 January - total,Cyprus,2014,860032,,
ESTAT:TPS00001(1.0),14/10/25 23:00:00,Annual,Population on 1 January - total,Cyprus,2015,860846,,
ESTAT:TPS00001(1.0),14/10/25 23:00:00,Annual,Population on 1 January - total,Cyprus,2016,863764,,
ESTAT:TPS00001(1.0),14/10/25 23:00:00,Annual,Population on 1 January - total,Cyprus,2017,869878,,
ESTAT:TPS00001(1.0),14/10/25 23:00:00,Annual,Population on 1 January - total,Cyprus,2018,878601,,
ESTAT:TPS00001(1.0),14/10/25 23:00:00,Annual,Population on 1 January - total,Cyprus,2019,890194,,
ESTAT:TPS00001(1.0),14/10/25 23:00:00,Annual,Population on 1 January - total,Cyprus,2020,902429,,
ESTAT:TPS00001(1.0),14/10/25 23:00:00,Annual,Population on 1 January - total,Cyprus,2021,914476,,
ESTAT:TPS00001(1.0),14/10/25 23:00:00,Annual,Population on 1 January - total,Cyprus,2022,929764,,
ESTAT:TPS00001(1.0),14/10/25 23:00:00,Annual,Population on 1 January - total,Cyprus,2023,949084,,
ESTAT:TPS00001(1.0),14/10/25 23:00:00,Annual,Population on 1 January - total,Cyprus,2024,966365,,
ESTAT:TPS00001(1.0),14/10/25 23:00:00,Annual,Population on 1 January - total,Cyprus,2025,979865,p,
ESTAT:TPS00001(1.0),14/10/25 23:00:00,Annual,Population on 1 January - total,Czechia,2014,10512419,,
ESTAT:TPS00001(1.0),14/10/25 23:00:00,Annual,Population on 1 January - total,Czechia,2015,10538275,,
ESTAT:TPS00001(1.0),14/10/25 23:00:00,Annual,Population on 1 January - total,Czechia,2016,10553843,,
ESTAT:TPS00001(1.0),14/10/25 23:00:00,Annual,Population on 1 January - total,Czechia,2017,10578820,,
ESTAT:TPS00001(1.0),14/10/25 23:00:00,Annual,Population on 1 January - total,Czechia,2018,10610055,,
ESTAT:TPS00001(1.0),14/10/25 23:00:00,Annual,Population on 1 January - total,Czechia,2019,10649800,,
ESTAT:TPS00001(1.0),14/10/25 23:00:00,Annual,Population on 1 January - total,Czechia,2020,10693939,,
ESTAT:TPS00001(1.0),14/10/25 23:00:00,Annual,Population on 1 January - total,Czechia,2021,10494836,b,
ESTAT:TPS00001(1.0),14/10/25 23:00:00,Annual,Population on 1 January - total,Czechia,2022,10516707,,
ESTAT:TPS00001(1.0),14/10/25 23:00:00,Annual,Population on 1 January - total,Czechia,2023,10827529,,
ESTAT:TPS00001(1.0),14/10/25 23:00:00,Annual,Population on 1 January - total,Czechia,2024,10900555,,
ESTAT:TPS00001(1.0),14/10/25 23:00:00,Annual,Population on 1 January - total,Czechia,2025,10909500,,
ESTAT:TPS00001(1.0),14/10/25 23:00:00,Annual,Population on 1 January - total,Germany,2014,80767463,,
ESTAT:TPS00001(1.0),14/10/25 23:00:00,Annual,Population on 1 January - total,Germany,2015,81197537,,
ESTAT:TPS00001(1.0),14/10/25 23:00:00,Annual,Population on 1 January - total,Germany,2016,82175684,,
ESTAT:TPS00001(1.0),14/10/25 23:00:00,Annual,Population on 1 January - total,Germany,2017,82521653,,
ESTAT:TPS00001(1.0),14/10/25 23:00:00,Annual,Population on 1 January - total,Germany,2018,82792351,,
ESTAT:TPS00001(1.0),14/10/25 23:00:00,Annual,Population on 1 January - total,Germany,2019,83019213,,
ESTAT:TPS00001(1.0),14/10/25 23:00:00,Annual,Population on 1 January - total,Germany,2020,83166711,,
ESTAT:TPS00001(1.0),14/10/25 23:00:00,Annual,Population on 1 January - total,Germany,2021,83155031,,
ESTAT:TPS00001(1.0),14/10/25 23:00:00,Annual,Population on 1 January - total,Germany,2022,83237124,,
ESTAT:TPS00001(1.0),14/10/25 23:00:00,Annual,Population on 1 January - total,Germany,2023,83118501,b,
ESTAT:TPS00001(1.0),14/10/25 23:00:00,Annual,Population on 1 January - total,Germany,2024,83456045,,
ESTAT:TPS00001(1.0),14/10/25 23:00:00,Annual,Population on 1 January - total,Germany,2025,83577140,,
ESTAT:TPS00001(1.0),14/10/25 23:00:00,Annual,Population on 1 January - total,Denmark,2014,5627235,,
ESTAT:TPS00001(1.0),14/10/25 23:00:00,Annual,Population on 1 January - total,Denmark,2015,5659715,,
ESTAT:TPS00001(1.0),14/10/25 23:00:00,Annual,Population on 1 January - total,Denmark,2016,5707251,,
ESTAT:TPS00001(1.0),14/10/25 23:00:00,Annual,Population on 1 January - total,Denmark,2017,5748769,,
ESTAT:TPS00001(1.0),14/10/25 23:00:00,Annual,Population on 1 January - total,Denmark,2018,5781190,,
ESTAT:TPS00001(1.0),14/10/25 23:00:00,Annual,Population on 1 January - total,Denmark,2019,5806081,,
ESTAT:TPS00001(1.0),14/10/25 23:00:00,Annual,Population on 1 January - total,Denmark,2020,5822763,,
ESTAT:TPS00001(1.0),14/10/25 23:00:00,Annual,Population on 1 January - total,Denmark,2021,5840045,,
ESTAT:TPS00001(1.0),14/10/25 23:00:00,Annual,Population on 1 January - total,Denmark,2022,5873420,,
ESTAT:TPS00001(1.0),14/10/25 23:00:00,Annual,Population on 1 January - total,Denmark,2023,5932654,,
ESTAT:TPS00001(1.0),14/10/25 23:00:00,Annual,Population on 1 January - total,Denmark,2024,5961249,,
ESTAT:TPS00001(1.0),14/10/25 23:00:00,Annual,Population on 1 January - total,Denmark,2025,5992734,,
ESTAT:TPS00001(1.0),14/10/25 23:00:00,Annual,Population on 1 January - total,Euro area - 19 countries  (2015-2022),2014,337333091,be,
ESTAT:TPS00001(1.0),14/10/25 23:00:00,Annual,Population on 1 January - total,Euro area - 19 countries  (2015-2022),2015,338076796,be,
ESTAT:TPS00001(1.0),14/10/25 23:00:00,Annual,Population on 1 January - total,Euro area - 19 countries  (2015-2022),2016,339313837,,
ESTAT:TPS00001(1.0),14/10/25 23:00:00,Annual,Population on 1 January - total,Euro area - 19 countries  (2015-2022),2017,340062806,b,
ESTAT:TPS00001(1.0),14/10/25 23:00:00,Annual,Population on 1 January - total,Euro area - 19 countries  (2015-2022),2018,340794307,,
ESTAT:TPS00001(1.0),14/10/25 23:00:00,Annual,Population on 1 January - total,Euro area - 19 countries  (2015-2022),2019,341743463,,
ESTAT:TPS00001(1.0),14/10/25 23:00:00,Annual,Population on 1 January - total,Euro area - 19 countries  (2015-2022),2020,342706595,,
ESTAT:TPS00001(1.0),14/10/25 23:00:00,Annual,Population on 1 January - total,Euro area - 19 countries  (2015-2022),2021,342825212,,
ESTAT:TPS00001(1.0),14/10/25 23:00:00,Annual,Population on 1 January - total,Euro area - 19 countries  (2015-2022),2022,343269067,b,
ESTAT:TPS00001(1.0),14/10/25 23:00:00,Annual,Population on 1 January - total,Euro area - 19 countries  (2015-2022),2023,344716074,bp,
ESTAT:TPS00001(1.0),14/10/25 23:00:00,Annual,Population on 1 January - total,Euro area - 19 countries  (2015-2022),2024,346315486,p,
ESTAT:TPS00001(1.0),14/10/25 23:00:00,Annual,Population on 1 January - total,Euro area - 19 countries  (2015-2022),2025,347505638,ep,
ESTAT:TPS00001(1.0),14/10/25 23:00:00,Annual,Population on 1 January - total,Euro area – 20 countries (from 2023),2014,341550723,be,
ESTAT:TPS00001(1.0),14/10/25 23:00:00,Annual,Population on 1 January - total,Euro area – 20 countries (from 2023),2015,342257711,be,
ESTAT:TPS00001(1.0),14/10/25 23:00:00,Annual,Population on 1 January - total,Euro area – 20 countries (from 2023),2016,343444952,,
ESTAT:TPS00001(1.0),14/10/25 23:00:00,Annual,Population on 1 January - total,Euro area – 20 countries (from 2023),2017,344141575,b,
ESTAT:TPS00001(1.0),14/10/25 23:00:00,Annual,Population on 1 January - total,Euro area – 20 countries (from 2023),2018,344808648,,
ESTAT:TPS00001(1.0),14/10/25 23:00:00,Annual,Population on 1 January - total,Euro area – 20 countries (from 2023),2019,345712139,,
ESTAT:TPS00001(1.0),14/10/25 23:00:00,Annual,Population on 1 January - total,Euro area – 20 countries (from 2023),2020,346640106,,
ESTAT:TPS00001(1.0),14/10/25 23:00:00,Annual,Population on 1 January - total,Euro area – 20 countries (from 2023),2021,346718238,,
ESTAT:TPS00001(1.0),14/10/25 23:00:00,Annual,Population on 1 January - total,Euro area – 20 countries (from 2023),2022,347131372,b,
ESTAT:TPS00001(1.0),14/10/25 23:00:00,Annual,Population on 1 January - total,Euro area – 20 countries (from 2023),2023,348566968,bp,
ESTAT:TPS00001(1.0),14/10/25 23:00:00,Annual,Population on 1 January - total,Euro area – 20 countries (from 2023),2024,350177453,p,
ESTAT:TPS00001(1.0),14/10/25 23:00:00,Annual,Population on 1 January - total,Euro area – 20 countries (from 2023),2025,351379988,ep,
ESTAT:TPS00001(1.0),14/10/25 23:00:00,Annual,Population on 1 January - total,Estonia,2014,1315819,,
ESTAT:TPS00001(1.0),14/10/25 23:00:00,Annual,Population on 1 January - total,Estonia,2015,1314870,b,
ESTAT:TPS00001(1.0),14/10/25 23:00:00,Annual,Population on 1 January - total,Estonia,2016,1315944,,
ESTAT:TPS00001(1.0),14/10/25 23:00:00,Annual,Population on 1 January - total,Estonia,2017,1315635,,
ESTAT:TPS00001(1.0),14/10/25 23:00:00,Annual,Population on 1 January - total,Estonia,2018,1319133,,
ESTAT:TPS00001(1.0),14/10/25 23:00:00,Annual,Population on 1 January - total,Estonia,2019,1324820,,
ESTAT:TPS00001(1.0),14/10/25 23:00:00,Annual,Population on 1 January - total,Estonia,2020,1328976,,
ESTAT:TPS00001(1.0),14/10/25 23:00:00,Annual,Population on 1 January - total,Estonia,2021,1330068,,
ESTAT:TPS00001(1.0),14/10/25 23:00:00,Annual,Population on 1 January - total,Estonia,2022,1331796,,
ESTAT:TPS00001(1.0),14/10/25 23:00:00,Annual,Population on 1 January - total,Estonia,2023,1365884,,
ESTAT:TPS00001(1.0),14/10/25 23:00:00,Annual,Population on 1 January - total,Estonia,2024,1374687,,
ESTAT:TPS00001(1.0),14/10/25 23:00:00,Annual,Population on 1 January - total,Estonia,2025,1369995,,
ESTAT:TPS00001(1.0),14/10/25 23:00:00,Annual,Population on 1 January - total,Greece,2014,10926807,,
ESTAT:TPS00001(1.0),14/10/25 23:00:00,Annual,Population on 1 January - total,Greece,2015,10858018,,
ESTAT:TPS00001(1.0),14/10/25 23:00:00,Annual,Population on 1 January - total,Greece,2016,10783748,,
ESTAT:TPS00001(1.0),14/10/25 23:00:00,Annual,Population on 1 January - total,Greece,2017,10768193,,
ESTAT:TPS00001(1.0),14/10/25 23:00:00,Annual,Population on 1 January - total,Greece,2018,10741165,,
ESTAT:TPS00001(1.0),14/10/25 23:00:00,Annual,Population on 1 January - total,Greece,2019,10724599,,
ESTAT:TPS00001(1.0),14/10/25 23:00:00,Annual,Population on 1 January - total,Greece,2020,10718565,,
ESTAT:TPS00001(1.0),14/10/25 23:00:00,Annual,Population on 1 January - total,Greece,2021,10678632,,
ESTAT:TPS00001(1.0),14/10/25 23:00:00,Annual,Population on 1 January - total,Greece,2022,10461627,b,
ESTAT:TPS00001(1.0),14/10/25 23:00:00,Annual,Population on 1 January - total,Greece,2023,10413982,,
ESTAT:TPS00001(1.0),14/10/25 23:00:00,Annual,Population on 1 January - total,Greece,2024,10400720,,
ESTAT:TPS00001(1.0),14/10/25 23:00:00,Annual,Population on 1 January - total,Greece,2025,10409547,ep,
ESTAT:TPS00001(1.0),14/10/25 23:00:00,Annual,Population on 1 January - total,Spain,2014,46495744,,
ESTAT:TPS00001(1.0),14/10/25 23:00:00,Annual,Population on 1 January - total,Spain,2015,46425722,,
ESTAT:TPS00001(1.0),14/10/25 23:00:00,Annual,Population on 1 January - total,Spain,2016,46418884,,
ESTAT:TPS00001(1.0),14/10/25 23:00:00,Annual,Population on 1 January - total,Spain,2017,46497393,,
ESTAT:TPS00001(1.0),14/10/25 23:00:00,Annual,Population on 1 January - total,Spain,2018,46645070,,
ESTAT:TPS00001(1.0),14/10/25 23:00:00,Annual,Population on 1 January - total,Spain,2019,46918951,,
ESTAT:TPS00001(1.0),14/10/25 23:00:00,Annual,Population on 1 January - total,Spain,2020,47318050,,
ESTAT:TPS00001(1.0),14/10/25 23:00:00,Annual,Population on 1 January - total,Spain,2021,47400798,,
ESTAT:TPS00001(1.0),14/10/25 23:00:00,Annual,Population on 1 January - total,Spain,2022,47486843,,
ESTAT:TPS00001(1.0),14/10/25 23:00:00,Annual,Population on 1 January - total,Spain,2023,48085361,,
ESTAT:TPS00001(1.0),14/10/25 23:00:00,Annual,Population on 1 January - total,Spain,2024,48619695,,
ESTAT:TPS00001(1.0),14/10/25 23:00:00,Annual,Population on 1 January - total,Spain,2025,49077984,p,
ESTAT:TPS00001(1.0),14/10/25 23:00:00,Annual,Population on 1 January - total,European Union - 27 countries (from 2020),2014,442268078,be,
ESTAT:TPS00001(1.0),14/10/25 23:00:00,Annual,Population on 1 January - total,European Union - 27 countries (from 2020),2015,442924865,be,
ESTAT:TPS00001(1.0),14/10/25 23:00:00,Annual,Population on 1 January - total,European Union - 27 countries (from 2020),2016,444003268,e,
ESTAT:TPS00001(1.0),14/10/25 23:00:00,Annual,Population on 1 January - total,European Union - 27 countries (from 2020),2017,444670605,be,
ESTAT:TPS00001(1.0),14/10/25 23:00:00,Annual,Population on 1 January - total,European Union - 27 countries (from 2020),2018,445301376,e,
ESTAT:TPS00001(1.0),14/10/25 23:00:00,Annual,Population on 1 January - total,European Union - 27 countries (from 2020),2019,446149924,,
ESTAT:TPS00001(1.0),14/10/25 23:00:00,Annual,Population on 1 January - total,European Union - 27 countries (from 2020),2020,447030024,e,
ESTAT:TPS00001(1.0),14/10/25 23:00:00,Annual,Population on 1 January - total,European Union - 27 countries (from 2020),2021,445891011,b,
ESTAT:TPS00001(1.0),14/10/25 23:00:00,Annual,Population on 1 January - total,European Union - 27 countries (from 2020),2022,445998928,be,
ESTAT:TPS00001(1.0),14/10/25 23:00:00,Annual,Population on 1 January - total,European Union - 27 countries (from 2020),2023,447704445,bep,
ESTAT:TPS00001(1.0),14/10/25 23:00:00,Annual,Population on 1 January - total,European Union - 27 countries (from 2020),2024,449309618,ep,
ESTAT:TPS00001(1.0),14/10/25 23:00:00,Annual,Population on 1 January - total,European Union - 27 countries (from 2020),2025,450380320,ep,
ESTAT:TPS00001(1.0),14/10/25 23:00:00,Annual,Population on 1 January - total,Finland,2014,5451270,,
ESTAT:TPS00001(1.0),14/10/25 23:00:00,Annual,Population on 1 January - total,Finland,2015,5471753,,
ESTAT:TPS00001(1.0),14/10/25 23:00:00,Annual,Population on 1 January - total,Finland,2016,5487308,,
ESTAT:TPS00001(1.0),14/10/25 23:00:00,Annual,Population on 1 January - total,Finland,2017,5503297,,
ESTAT:TPS00001(1.0),14/10/25 23:00:00,Annual,Population on 1 January - total,Finland,2018,5513130,,
ESTAT:TPS00001(1.0),14/10/25 23:00:00,Annual,Population on 1 January - total,Finland,2019,5517919,,
ESTAT:TPS00001(1.0),14/10/25 23:00:00,Annual,Population on 1 January - total,Finland,2020,5525292,,
ESTAT:TPS00001(1.0),14/10/25 23:00:00,Annual,Population on 1 January - total,Finland,2021,5533793,,
ESTAT:TPS00001(1.0),14/10/25 23:00:00,Annual,Population on 1 January - total,Finland,2022,5548241,,
ESTAT:TPS00001(1.0),14/10/25 23:00:00,Annual,Population on 1 January - total,Finland,2023,5563970,,
ESTAT:TPS00001(1.0),14/10/25 23:00:00,Annual,Population on 1 January - total,Finland,2024,5603851,,
ESTAT:TPS00001(1.0),14/10/25 23:00:00,Annual,Population on 1 January - total,Finland,2025,5635971,,
ESTAT:TPS00001(1.0),14/10/25 23:00:00,Annual,Population on 1 January - total,France,2014,66165980,b,
ESTAT:TPS00001(1.0),14/10/25 23:00:00,Annual,Population on 1 January - total,France,2015,66458153,,
ESTAT:TPS00001(1.0),14/10/25 23:00:00,Annual,Population on 1 January - total,France,2016,66638391,,
ESTAT:TPS00001(1.0),14/10/25 23:00:00,Annual,Population on 1 January - total,France,2017,66809816,,
ESTAT:TPS00001(1.0),14/10/25 23:00:00,Annual,Population on 1 January - total,France,2018,67026224,,
ESTAT:TPS00001(1.0),14/10/25 23:00:00,Annual,Population on 1 January - total,France,2019,67290471,,
ESTAT:TPS00001(1.0),14/10/25 23:00:00,Annual,Population on 1 January - total,France,2020,67473651,,
ESTAT:TPS00001(1.0),14/10/25 23:00:00,Annual,Population on 1 January - total,France,2021,67728568,,
ESTAT:TPS00001(1.0),14/10/25 23:00:00,Annual,Population on 1 January - total,France,2022,68091703,,
ESTAT:TPS00001(1.0),14/10/25 23:00:00,Annual,Population on 1 January - total,France,2023,68277210,p,
ESTAT:TPS00001(1.0),14/10/25 23:00:00,Annual,Population on 1 January - total,France,2024,68467362,p,
ESTAT:TPS00001(1.0),14/10/25 23:00:00,Annual,Population on 1 January - total,France,2025,68635943,p,
ESTAT:TPS00001(1.0),14/10/25 23:00:00,Annual,Population on 1 January - total,Georgia,2014,4490498,,
ESTAT:TPS00001(1.0),14/10/25 23:00:00,Annual,Population on 1 January - total,Georgia,2015,3729500,b,
ESTAT:TPS00001(1.0),14/10/25 23:00:00,Annual,Population on 1 January - total,Georgia,2016,3720400,,
ESTAT:TPS00001(1.0),14/10/25 23:00:00,Annual,Population on 1 January - total,Georgia,2017,3718200,,
ESTAT:TPS00001(1.0),14/10/25 23:00:00,Annual,Population on 1 January - total,Georgia,2018,3729633,,
ESTAT:TPS00001(1.0),14/10/25 23:00:00,Annual,Population on 1 January - total,Georgia,2019,3723464,,
ESTAT:TPS00001(1.0),14/10/25 23:00:00,Annual,Population on 1 January - total,Georgia,2020,3716858,,
ESTAT:TPS00001(1.0),14/10/25 23:00:00,Annual,Population on 1 January - total,Georgia,2021,3728573,,
ESTAT:TPS00001(1.0),14/10/25 23:00:00,Annual,Population on 1 January - total,Georgia,2022,3688647,,
ESTAT:TPS00001(1.0),14/10/25 23:00:00,Annual,Population on 1 January - total,Georgia,2023,3736357,,
ESTAT:TPS00001(1.0),14/10/25 23:00:00,Annual,Population on 1 January - total,Georgia,2024,3694608,,
ESTAT:TPS00001(1.0),14/10/25 23:00:00,Annual,Population on 1 January - total,Georgia,2025,3704506,,
ESTAT:TPS00001(1.0),14/10/25 23:00:00,Annual,Population on 1 January - total,Croatia,2014,4217632,,
ESTAT:TPS00001(1.0),14/10/25 23:00:00,Annual,Population on 1 January - total,Croatia,2015,4180915,,
ESTAT:TPS00001(1.0),14/10/25 23:00:00,Annual,Population on 1 January - total,Croatia,2016,4131115,,
ESTAT:TPS00001(1.0),14/10/25 23:00:00,Annual,Population on 1 January - total,Croatia,2017,4078769,,
ESTAT:TPS00001(1.0),14/10/25 23:00:00,Annual,Population on 1 January - total,Croatia,2018,4014341,,
ESTAT:TPS00001(1.0),14/10/25 23:00:00,Annual,Population on 1 January - total,Croatia,2019,3968676,,
ESTAT:TPS00001(1.0),14/10/25 23:00:00,Annual,Population on 1 January - total,Croatia,2020,3933511,,
ESTAT:TPS00001(1.0),14/10/25 23:00:00,Annual,Population on 1 January - total,Croatia,2021,3893026,,
ESTAT:TPS00001(1.0),14/10/25 23:00:00,Annual,Population on 1 January - total,Croatia,2022,3862305,,
ESTAT:TPS00001(1.0),14/10/25 23:00:00,Annual,Population on 1 January - total,Croatia,2023,3850894,,
ESTAT:TPS00001(1.0),14/10/25 23:00:00,Annual,Population on 1 January - total,Croatia,2024,3861967,,
ESTAT:TPS00001(1.0),14/10/25 23:00:00,Annual,Population on 1 January - total,Croatia,2025,3874350,,
ESTAT:TPS00001(1.0),14/10/25 23:00:00,Annual,Population on 1 January - total,Hungary,2014,9850217,,
ESTAT:TPS00001(1.0),14/10/25 23:00:00,Annual,Population on 1 January - total,Hungary,2015,9815858,,
ESTAT:TPS00001(1.0),14/10/25 23:00:00,Annual,Population on 1 January - total,Hungary,2016,9779652,,
ESTAT:TPS00001(1.0),14/10/25 23:00:00,Annual,Population on 1 January - total,Hungary,2017,9739857,,
ESTAT:TPS00001(1.0),14/10/25 23:00:00,Annual,Population on 1 January - total,Hungary,2018,9713655,,
ESTAT:TPS00001(1.0),14/10/25 23:00:00,Annual,Population on 1 January - total,Hungary,2019,9700272,,
ESTAT:TPS00001(1.0),14/10/25 23:00:00,Annual,Population on 1 January - total,Hungary,2020,9689376,,
ESTAT:TPS00001(1.0),14/10/25 23:00:00,Annual,Population on 1 January - total,Hungary,2021,9651461,,
ESTAT:TPS00001(1.0),14/10/25 23:00:00,Annual,Population on 1 January - total,Hungary,2022,9610403,,
ESTAT:TPS00001(1.0),14/10/25 23:00:00,Annual,Population on 1 January - total,Hungary,2023,9599744,,
ESTAT:TPS00001(1.0),14/10/25 23:00:00,Annual,Population on 1 January - total,Hungary,2024,9584627,,
ESTAT:TPS00001(1.0),14/10/25 23:00:00,Annual,Population on 1 January - total,Hungary,2025,9539502,,
ESTAT:TPS00001(1.0),14/10/25 23:00:00,Annual,Population on 1 January - total,Ireland,2014,4637852,,
ESTAT:TPS00001(1.0),14/10/25 23:00:00,Annual,Population on 1 January - total,Ireland,2015,4677627,,
ESTAT:TPS00001(1.0),14/10/25 23:00:00,Annual,Population on 1 January - total,Ireland,2016,4726286,,
ESTAT:TPS00001(1.0),14/10/25 23:00:00,Annual,Population on 1 January - total,Ireland,2017,4799157,,
ESTAT:TPS00001(1.0),14/10/25 23:00:00,Annual,Population on 1 January - total,Ireland,2018,4855733,,
ESTAT:TPS00001(1.0),14/10/25 23:00:00,Annual,Population on 1 January - total,Ireland,2019,4940311,,
ESTAT:TPS00001(1.0),14/10/25 23:00:00,Annual,Population on 1 January - total,Ireland,2020,5012600,,
ESTAT:TPS00001(1.0),14/10/25 23:00:00,Annual,Population on 1 January - total,Ireland,2021,5066893,,
ESTAT:TPS00001(1.0),14/10/25 23:00:00,Annual,Population on 1 January - total,Ireland,2022,5154277,,
ESTAT:TPS00001(1.0),14/10/25 23:00:00,Annual,Population on 1 January - total,Ireland,2023,5271395,,
ESTAT:TPS00001(1.0),14/10/25 23:00:00,Annual,Population on 1 January - total,Ireland,2024,5351681,,
ESTAT:TPS00001(1.0),14/10/25 23:00:00,Annual,Population on 1 January - total,Ireland,2025,5439898,,
ESTAT:TPS00001(1.0),14/10/25 23:00:00,Annual,Population on 1 January - total,Iceland,2014,325671,,
ESTAT:TPS00001(1.0),14/10/25 23:00:00,Annual,Population on 1 January - total,Iceland,2015,329100,,
ESTAT:TPS00001(1.0),14/10/25 23:00:00,Annual,Population on 1 January - total,Iceland,2016,332529,,
ESTAT:TPS00001(1.0),14/10/25 23:00:00,Annual,Population on 1 January - total,Iceland,2017,338349,,
ESTAT:TPS00001(1.0),14/10/25 23:00:00,Annual,Population on 1 January - total,Iceland,2018,348450,,
ESTAT:TPS00001(1.0),14/10/25 23:00:00,Annual,Population on 1 January - total,Iceland,2019,356991,,
ESTAT:TPS00001(1.0),14/10/25 23:00:00,Annual,Population on 1 January - total,Iceland,2020,364134,,
ESTAT:TPS00001(1.0),14/10/25 23:00:00,Annual,Population on 1 January - total,Iceland,2021,368792,,
ESTAT:TPS00001(1.0),14/10/25 23:00:00,Annual,Population on 1 January - total,Iceland,2022,376248,,
ESTAT:TPS00001(1.0),14/10/25 23:00:00,Annual,Population on 1 January - total,Iceland,2023,387758,,
ESTAT:TPS00001(1.0),14/10/25 23:00:00,Annual,Population on 1 January - total,Iceland,2024,383567,,
ESTAT:TPS00001(1.0),14/10/25 23:00:00,Annual,Population on 1 January - total,Iceland,2025,389444,,
ESTAT:TPS00001(1.0),14/10/25 23:00:00,Annual,Population on 1 January - total,Italy,2014,60345917,,
ESTAT:TPS00001(1.0),14/10/25 23:00:00,Annual,Population on 1 January - total,Italy,2015,60295497,,
ESTAT:TPS00001(1.0),14/10/25 23:00:00,Annual,Population on 1 January - total,Italy,2016,60163712,,
ESTAT:TPS00001(1.0),14/10/25 23:00:00,Annual,Population on 1 January - total,Italy,2017,60066734,,
ESTAT:TPS00001(1.0),14/10/25 23:00:00,Annual,Population on 1 January - total,Italy,2018,59937769,,
ESTAT:TPS00001(1.0),14/10/25 23:00:00,Annual,Population on 1 January - total,Italy,2019,59816673,,
ESTAT:TPS00001(1.0),14/10/25 23:00:00,Annual,Population on 1 January - total,Italy,2020,59641488,,
ESTAT:TPS00001(1.0),14/10/25 23:00:00,Annual,Population on 1 January - total,Italy,2021,59236213,,
ESTAT:TPS00001(1.0),14/10/25 23:00:00,Annual,Population on 1 January - total,Italy,2022,59030133,,
ESTAT:TPS00001(1.0),14/10/25 23:00:00,Annual,Population on 1 January - total,Italy,2023,58997201,,
ESTAT:TPS00001(1.0),14/10/25 23:00:00,Annual,Population on 1 January - total,Italy,2024,58971230,,
ESTAT:TPS00001(1.0),14/10/25 23:00:00,Annual,Population on 1 January - total,Italy,2025,58934177,p,
ESTAT:TPS00001(1.0),14/10/25 23:00:00,Annual,Population on 1 January - total,Liechtenstein,2014,37129,,
ESTAT:TPS00001(1.0),14/10/25 23:00:00,Annual,Population on 1 January - total,Liechtenstein,2015,37366,,
ESTAT:TPS00001(1.0),14/10/25 23:00:00,Annual,Population on 1 January - total,Liechtenstein,2016,37622,,
ESTAT:TPS00001(1.0),14/10/25 23:00:00,Annual,Population on 1 January - total,Liechtenstein,2017,37810,,
ESTAT:TPS00001(1.0),14/10/25 23:00:00,Annual,Population on 1 January - total,Liechtenstein,2018,38114,,
ESTAT:TPS00001(1.0),14/10/25 23:00:00,Annual,Population on 1 January - total,Liechtenstein,2019,38378,,
ESTAT:TPS00001(1.0),14/10/25 23:00:00,Annual,Population on 1 January - total,Liechtenstein,2020,38747,,
ESTAT:TPS00001(1.0),14/10/25 23:00:00,Annual,Population on 1 January - total,Liechtenstein,2021,39055,,
ESTAT:TPS00001(1.0),14/10/25 23:00:00,Annual,Population on 1 January - total,Liechtenstein,2022,39308,,
ESTAT:TPS00001(1.0),14/10/25 23:00:00,Annual,Population on 1 January - total,Liechtenstein,2023,39677,,
ESTAT:TPS00001(1.0),14/10/25 23:00:00,Annual,Population on 1 January - total,Liechtenstein,2024,40015,,
ESTAT:TPS00001(1.0),14/10/25 23:00:00,Annual,Population on 1 January - total,Liechtenstein,2025,40885,p,
ESTAT:TPS00001(1.0),14/10/25 23:00:00,Annual,Population on 1 January - total,Lithuania,2014,2947862,,
ESTAT:TPS00001(1.0),14/10/25 23:00:00,Annual,Population on 1 January - total,Lithuania,2015,2926644,,
ESTAT:TPS00001(1.0),14/10/25 23:00:00,Annual,Population on 1 January - total,Lithuania,2016,2895573,,
ESTAT:TPS00001(1.0),14/10/25 23:00:00,Annual,Population on 1 January - total,Lithuania,2017,2859077,,
ESTAT:TPS00001(1.0),14/10/25 23:00:00,Annual,Population on 1 January - total,Lithuania,2018,2826200,,
ESTAT:TPS00001(1.0),14/10/25 23:00:00,Annual,Population on 1 January - total,Lithuania,2019,2812200,,
ESTAT:TPS00001(1.0),14/10/25 23:00:00,Annual,Population on 1 January - total,Lithuania,2020,2809977,,
ESTAT:TPS00001(1.0),14/10/25 23:00:00,Annual,Population on 1 January - total,Lithuania,2021,2810761,,
ESTAT:TPS00001(1.0),14/10/25 23:00:00,Annual,Population on 1 January - total,Lithuania,2022,2805998,,
ESTAT:TPS00001(1.0),14/10/25 23:00:00,Annual,Population on 1 January - total,Lithuania,2023,2857279,,
ESTAT:TPS00001(1.0),14/10/25 23:00:00,Annual,Population on 1 January - total,Lithuania,2024,2885891,,
ESTAT:TPS00001(1.0),14/10/25 23:00:00,Annual,Population on 1 January - total,Lithuania,2025,2890664,,
ESTAT:TPS00001(1.0),14/10/25 23:00:00,Annual,Population on 1 January - total,Luxembourg,2014,549680,,
ESTAT:TPS00001(1.0),14/10/25 23:00:00,Annual,Population on 1 January - total,Luxembourg,2015,562958,,
ESTAT:TPS00001(1.0),14/10/25 23:00:00,Annual,Population on 1 January - total,Luxembourg,2016,576249,,
ESTAT:TPS00001(1.0),14/10/25 23:00:00,Annual,Population on 1 January - total,Luxembourg,2017,590667,b,
ESTAT:TPS00001(1.0),14/10/25 23:00:00,Annual,Population on 1 January - total,Luxembourg,2018,602005,,
ESTAT:TPS00001(1.0),14/10/25 23:00:00,Annual,Population on 1 January - total,Luxembourg,2019,613894,,
ESTAT:TPS00001(1.0),14/10/25 23:00:00,Annual,Population on 1 January - total,Luxembourg,2020,626108,,
ESTAT:TPS00001(1.0),14/10/25 23:00:00,Annual,Population on 1 January - total,Luxembourg,2021,634730,,
ESTAT:TPS00001(1.0),14/10/25 23:00:00,Annual,Population on 1 January - total,Luxembourg,2022,645397,,
ESTAT:TPS00001(1.0),14/10/25 23:00:00,Annual,Population on 1 January - total,Luxembourg,2023,660809,,
ESTAT:TPS00001(1.0),14/10/25 23:00:00,Annual,Population on 1 January - total,Luxembourg,2024,672050,,
ESTAT:TPS00001(1.0),14/10/25 23:00:00,Annual,Population on 1 January - total,Luxembourg,2025,681973,,
ESTAT:TPS00001(1.0),14/10/25 23:00:00,Annual,Population on 1 January - total,Latvia,2014,2001468,,
ESTAT:TPS00001(1.0),14/10/25 23:00:00,Annual,Population on 1 January - total,Latvia,2015,1986096,,
ESTAT:TPS00001(1.0),14/10/25 23:00:00,Annual,Population on 1 January - total,Latvia,2016,1968957,,
ESTAT:TPS00001(1.0),14/10/25 23:00:00,Annual,Population on 1 January - total,Latvia,2017,1950116,,
ESTAT:TPS00001(1.0),14/10/25 23:00:00,Annual,Population on 1 January - total,Latvia,2018,1934379,,
ESTAT:TPS00001(1.0),14/10/25 23:00:00,Annual,Population on 1 January - total,Latvia,2019,1919968,,
ESTAT:TPS00001(1.0),14/10/25 23:00:00,Annual,Population on 1 January - total,Latvia,2020,1907675,,
ESTAT:TPS00001(1.0),14/10/25 23:00:00,Annual,Population on 1 January - total,Latvia,2021,1893223,,
ESTAT:TPS00001(1.0),14/10/25 23:00:00,Annual,Population on 1 January - total,Latvia,2022,1875757,,
ESTAT:TPS00001(1.0),14/10/25 23:00:00,Annual,Population on 1 January - total,Latvia,2023,1892103,,
ESTAT:TPS00001(1.0),14/10/25 23:00:00,Annual,Population on 1 January - total,Latvia,2024,1875316,,
ESTAT:TPS00001(1.0),14/10/25 23:00:00,Annual,Population on 1 January - total,Latvia,2025,1856932,,
ESTAT:TPS00001(1.0),14/10/25 23:00:00,Annual,Population on 1 January - total,Monaco,2015,37700,e,
ESTAT:TPS00001(1.0),14/10/25 23:00:00,Annual,Population on 1 January - total,Monaco,2016,38200,,
ESTAT:TPS00001(1.0),14/10/25 23:00:00,Annual,Population on 1 January - total,Monaco,2018,38300,,
ESTAT:TPS00001(1.0),14/10/25 23:00:00,Annual,Population on 1 January - total,Monaco,2019,38300,e,
ESTAT:TPS00001(1.0),14/10/25 23:00:00,Annual,Population on 1 January - total,Monaco,2024,38367,,
ESTAT:TPS00001(1.0),14/10/25 23:00:00,Annual,Population on 1 January - total,Monaco,2025,38423,,
ESTAT:TPS00001(1.0),14/10/25 23:00:00,Annual,Population on 1 January - total,Moldova,2014,3557634,,
ESTAT:TPS00001(1.0),14/10/25 23:00:00,Annual,Population on 1 January - total,Moldova,2015,3555159,,
ESTAT:TPS00001(1.0),14/10/25 23:00:00,Annual,Population on 1 January - total,Moldova,2016,2846327,e,
ESTAT:TPS00001(1.0),14/10/25 23:00:00,Annual,Population on 1 January - total,Moldova,2017,2825628,e,
ESTAT:TPS00001(1.0),14/10/25 23:00:00,Annual,Population on 1 January - total,Moldova,2018,2780744,e,
ESTAT:TPS00001(1.0),14/10/25 23:00:00,Annual,Population on 1 January - total,Moldova,2019,2729634,e,
ESTAT:TPS00001(1.0),14/10/25 23:00:00,Annual,Population on 1 January - total,Moldova,2020,2684772,e,
ESTAT:TPS00001(1.0),14/10/25 23:00:00,Annual,Population on 1 January - total,Moldova,2021,2643675,e,
ESTAT:TPS00001(1.0),14/10/25 23:00:00,Annual,Population on 1 January - total,Moldova,2022,2565030,e,
ESTAT:TPS00001(1.0),14/10/25 23:00:00,Annual,Population on 1 January - total,Moldova,2023,2512758,ep,
ESTAT:TPS00001(1.0),14/10/25 23:00:00,Annual,Population on 1 January - total,Moldova,2024,2423287,ep,
ESTAT:TPS00001(1.0),14/10/25 23:00:00,Annual,Population on 1 January - total,Moldova,2025,2381325,,
ESTAT:TPS00001(1.0),14/10/25 23:00:00,Annual,Population on 1 January - total,Montenegro,2014,621521,,
ESTAT:TPS00001(1.0),14/10/25 23:00:00,Annual,Population on 1 January - total,Montenegro,2015,622099,,
ESTAT:TPS00001(1.0),14/10/25 23:00:00,Annual,Population on 1 January - total,Montenegro,2016,622218,,
ESTAT:TPS00001(1.0),14/10/25 23:00:00,Annual,Population on 1 January - total,Montenegro,2017,622387,,
ESTAT:TPS00001(1.0),14/10/25 23:00:00,Annual,Population on 1 January - total,Montenegro,2018,622359,,
ESTAT:TPS00001(1.0),14/10/25 23:00:00,Annual,Population on 1 January - total,Montenegro,2019,622182,,
ESTAT:TPS00001(1.0),14/10/25 23:00:00,Annual,Population on 1 January - total,Montenegro,2020,621873,,
ESTAT:TPS00001(1.0),14/10/25 23:00:00,Annual,Population on 1 January - total,Montenegro,2021,620739,,
ESTAT:TPS00001(1.0),14/10/25 23:00:00,Annual,Population on 1 January - total,Montenegro,2022,617683,,
ESTAT:TPS00001(1.0),14/10/25 23:00:00,Annual,Population on 1 January - total,Montenegro,2023,616695,,
ESTAT:TPS00001(1.0),14/10/25 23:00:00,Annual,Population on 1 January - total,Montenegro,2024,623680,,
ESTAT:TPS00001(1.0),14/10/25 23:00:00,Annual,Population on 1 January - total,Montenegro,2025,623327,,
ESTAT:TPS00001(1.0),14/10/25 23:00:00,Annual,Population on 1 January - total,North Macedonia,2014,2065769,e,
ESTAT:TPS00001(1.0),14/10/25 23:00:00,Annual,Population on 1 January - total,North Macedonia,2015,2069172,e,
ESTAT:TPS00001(1.0),14/10/25 23:00:00,Annual,Population on 1 January - total,North Macedonia,2016,2071278,e,
ESTAT:TPS00001(1.0),14/10/25 23:00:00,Annual,Population on 1 January - total,North Macedonia,2017,2073702,e,
ESTAT:TPS00001(1.0),14/10/25 23:00:00,Annual,Population on 1 January - total,North Macedonia,2018,2075301,,
ESTAT:TPS00001(1.0),14/10/25 23:00:00,Annual,Population on 1 January - total,North Macedonia,2019,2077132,,
ESTAT:TPS00001(1.0),14/10/25 23:00:00,Annual,Population on 1 January - total,North Macedonia,2020,2076255,,
ESTAT:TPS00001(1.0),14/10/25 23:00:00,Annual,Population on 1 January - total,North Macedonia,2021,2068808,,
ESTAT:TPS00001(1.0),14/10/25 23:00:00,Annual,Population on 1 January - total,North Macedonia,2022,1837114,,
ESTAT:TPS00001(1.0),14/10/25 23:00:00,Annual,Population on 1 January - total,North Macedonia,2023,1829954,,
ESTAT:TPS00001(1.0),14/10/25 23:00:00,Annual,Population on 1 January - total,North Macedonia,2024,1826247,,
ESTAT:TPS00001(1.0),14/10/25 23:00:00,Annual,Population on 1 January - total,North Macedonia,2025,1822612,,
ESTAT:TPS00001(1.0),14/10/25 23:00:00,Annual,Population on 1 January - total,Malta,2014,428156,,
ESTAT:TPS00001(1.0),14/10/25 23:00:00,Annual,Population on 1 January - total,Malta,2015,438805,,
ESTAT:TPS00001(1.0),14/10/25 23:00:00,Annual,Population on 1 January - total,Malta,2016,449635,,
ESTAT:TPS00001(1.0),14/10/25 23:00:00,Annual,Population on 1 January - total,Malta,2017,459375,,
ESTAT:TPS00001(1.0),14/10/25 23:00:00,Annual,Population on 1 January - total,Malta,2018,474837,,
ESTAT:TPS00001(1.0),14/10/25 23:00:00,Annual,Population on 1 January - total,Malta,2019,492968,,
ESTAT:TPS00001(1.0),14/10/25 23:00:00,Annual,Population on 1 January - total,Malta,2020,514855,,
ESTAT:TPS00001(1.0),14/10/25 23:00:00,Annual,Population on 1 January - total,Malta,2021,516125,,
ESTAT:TPS00001(1.0),14/10/25 23:00:00,Annual,Population on 1 January - total,Malta,2022,520174,,
ESTAT:TPS00001(1.0),14/10/25 23:00:00,Annual,Population on 1 January - total,Malta,2023,542051,,
ESTAT:TPS00001(1.0),14/10/25 23:00:00,Annual,Population on 1 January - total,Malta,2024,563443,,
ESTAT:TPS00001(1.0),14/10/25 23:00:00,Annual,Population on 1 January - total,Malta,2025,574250,,
ESTAT:TPS00001(1.0),14/10/25 23:00:00,Annual,Population on 1 January - total,Netherlands,2014,16829289,,
ESTAT:TPS00001(1.0),14/10/25 23:00:00,Annual,Population on 1 January - total,Netherlands,2015,16900726,,
ESTAT:TPS00001(1.0),14/10/25 23:00:00,Annual,Population on 1 January - total,Netherlands,2016,16979120,,
ESTAT:TPS00001(1.0),14/10/25 23:00:00,Annual,Population on 1 January - total,Netherlands,2017,17081507,,
ESTAT:TPS00001(1.0),14/10/25 23:00:00,Annual,Population on 1 January - total,Netherlands,2018,17181084,,
ESTAT:TPS00001(1.0),14/10/25 23:00:00,Annual,Population on 1 January - total,Netherlands,2019,17282163,,
ESTAT:TPS00001(1.0),14/10/25 23:00:00,Annual,Population on 1 January - total,Netherlands,2020,17407585,,
ESTAT:TPS00001(1.0),14/10/25 23:00:00,Annual,Population on 1 January - total,Netherlands,2021,17475415,,
ESTAT:TPS00001(1.0),14/10/25 23:00:00,Annual,Population on 1 January - total,Netherlands,2022,17590672,,
ESTAT:TPS00001(1.0),14/10/25 23:00:00,Annual,Population on 1 January - total,Netherlands,2023,17811291,,
ESTAT:TPS00001(1.0),14/10/25 23:00:00,Annual,Population on 1 January - total,Netherlands,2024,17942942,,
ESTAT:TPS00001(1.0),14/10/25 23:00:00,Annual,Population on 1 January - total,Netherlands,2025,18044027,,
ESTAT:TPS00001(1.0),14/10/25 23:00:00,Annual,Population on 1 January - total,Norway,2014,5109056,,
ESTAT:TPS00001(1.0),14/10/25 23:00:00,Annual,Population on 1 January - total,Norway,2015,5165802,,
ESTAT:TPS00001(1.0),14/10/25 23:00:00,Annual,Population on 1 January - total,Norway,2016,5213985,,
ESTAT:TPS00001(1.0),14/10/25 23:00:00,Annual,Population on 1 January - total,Norway,2017,5258317,,
ESTAT:TPS00001(1.0),14/10/25 23:00:00,Annual,Population on 1 January - total,Norway,2018,5295619,,
ESTAT:TPS00001(1.0),14/10/25 23:00:00,Annual,Population on 1 January - total,Norway,2019,5328212,,
ESTAT:TPS00001(1.0),14/10/25 23:00:00,Annual,Population on 1 January - total,Norway,2020,5367580,,
ESTAT:TPS00001(1.0),14/10/25 23:00:00,Annual,Population on 1 January - total,Norway,2021,5391369,,
ESTAT:TPS00001(1.0),14/10/25 23:00:00,Annual,Population on 1 January - total,Norway,2022,5425270,,
ESTAT:TPS00001(1.0),14/10/25 23:00:00,Annual,Population on 1 January - total,Norway,2023,5488984,,
ESTAT:TPS00001(1.0),14/10/25 23:00:00,Annual,Population on 1 January - total,Norway,2024,5550217,,
ESTAT:TPS00001(1.0),14/10/25 23:00:00,Annual,Population on 1 January - total,Norway,2025,5594340,,
ESTAT:TPS00001(1.0),14/10/25 23:00:00,Annual,Population on 1 January - total,Poland,2014,38017856,,
ESTAT:TPS00001(1.0),14/10/25 23:00:00,Annual,Population on 1 January - total,Poland,2015,38005614,,
ESTAT:TPS00001(1.0),14/10/25 23:00:00,Annual,Population on 1 January - total,Poland,2016,37967209,,
ESTAT:TPS00001(1.0),14/10/25 23:00:00,Annual,Population on 1 January - total,Poland,2017,37972964,,
ESTAT:TPS00001(1.0),14/10/25 23:00:00,Annual,Population on 1 January - total,Poland,2018,37976687,e,
ESTAT:TPS00001(1.0),14/10/25 23:00:00,Annual,Population on 1 January - total,Poland,2019,37972812,,
ESTAT:TPS00001(1.0),14/10/25 23:00:00,Annual,Population on 1 January - total,Poland,2020,37958138,e,
ESTAT:TPS00001(1.0),14/10/25 23:00:00,Annual,Population on 1 January - total,Poland,2021,37073357,b,
ESTAT:TPS00001(1.0),14/10/25 23:00:00,Annual,Population on 1 January - total,Poland,2022,36889761,,
ESTAT:TPS00001(1.0),14/10/25 23:00:00,Annual,Population on 1 January - total,Poland,2023,36753736,,
ESTAT:TPS00001(1.0),14/10/25 23:00:00,Annual,Population on 1 January - total,Poland,2024,36620970,,
ESTAT:TPS00001(1.0),14/10/25 23:00:00,Annual,Population on 1 January - total,Poland,2025,36497495,,
ESTAT:TPS00001(1.0),14/10/25 23:00:00,Annual,Population on 1 January - total,Portugal,2014,10444092,,
ESTAT:TPS00001(1.0),14/10/25 23:00:00,Annual,Population on 1 January - total,Portugal,2015,10395121,,
ESTAT:TPS00001(1.0),14/10/25 23:00:00,Annual,Population on 1 January - total,Portugal,2016,10368554,,
ESTAT:TPS00001(1.0),14/10/25 23:00:00,Annual,Population on 1 January - total,Portugal,2017,10344478,,
ESTAT:TPS00001(1.0),14/10/25 23:00:00,Annual,Population on 1 January - total,Portugal,2018,10335770,,
ESTAT:TPS00001(1.0),14/10/25 23:00:00,Annual,Population on 1 January - total,Portugal,2019,10333496,,
ESTAT:TPS00001(1.0),14/10/25 23:00:00,Annual,Population on 1 January - total,Portugal,2020,10375395,,
ESTAT:TPS00001(1.0),14/10/25 23:00:00,Annual,Population on 1 January - total,Portugal,2021,10394297,,
ESTAT:TPS00001(1.0),14/10/25 23:00:00,Annual,Population on 1 January - total,Portugal,2022,10421117,,
ESTAT:TPS00001(1.0),14/10/25 23:00:00,Annual,Population on 1 January - total,Portugal,2023,10516621,,
ESTAT:TPS00001(1.0),14/10/25 23:00:00,Annual,Population on 1 January - total,Portugal,2024,10639726,,
ESTAT:TPS00001(1.0),14/10/25 23:00:00,Annual,Population on 1 January - total,Portugal,2025,10749635,,
ESTAT:TPS00001(1.0),14/10/25 23:00:00,Annual,Population on 1 January - total,Romania,2014,19947311,,
ESTAT:TPS00001(1.0),14/10/25 23:00:00,Annual,Population on 1 January - total,Romania,2015,19870647,,
ESTAT:TPS00001(1.0),14/10/25 23:00:00,Annual,Population on 1 January - total,Romania,2016,19760585,,
ESTAT:TPS00001(1.0),14/10/25 23:00:00,Annual,Population on 1 January - total,Romania,2017,19643949,,
ESTAT:TPS00001(1.0),14/10/25 23:00:00,Annual,Population on 1 January - total,Romania,2018,19533481,,
ESTAT:TPS00001(1.0),14/10/25 23:00:00,Annual,Population on 1 January - total,Romania,2019,19414458,,
ESTAT:TPS00001(1.0),14/10/25 23:00:00,Annual,Population on 1 January - total,Romania,2020,19328838,e,
ESTAT:TPS00001(1.0),14/10/25 23:00:00,Annual,Population on 1 January - total,Romania,2021,19201662,,
ESTAT:TPS00001(1.0),14/10/25 23:00:00,Annual,Population on 1 January - total,Romania,2022,19042455,e,
ESTAT:TPS00001(1.0),14/10/25 23:00:00,Annual,Population on 1 January - total,Romania,2023,19054548,e,
ESTAT:TPS00001(1.0),14/10/25 23:00:00,Annual,Population on 1 January - total,Romania,2024,19067576,e,
ESTAT:TPS00001(1.0),14/10/25 23:00:00,Annual,Population on 1 January - total,Romania,2025,19036031,e,
ESTAT:TPS00001(1.0),14/10/25 23:00:00,Annual,Population on 1 January - total,Serbia,2014,7146759,,
ESTAT:TPS00001(1.0),14/10/25 23:00:00,Annual,Population on 1 January - total,Serbia,2015,7114393,,
ESTAT:TPS00001(1.0),14/10/25 23:00:00,Annual,Population on 1 January - total,Serbia,2016,7076372,,
ESTAT:TPS00001(1.0),14/10/25 23:00:00,Annual,Population on 1 January - total,Serbia,2017,7040272,,
ESTAT:TPS00001(1.0),14/10/25 23:00:00,Annual,Population on 1 January - total,Serbia,2018,7001444,,
ESTAT:TPS00001(1.0),14/10/25 23:00:00,Annual,Population on 1 January - total,Serbia,2019,6963764,,
ESTAT:TPS00001(1.0),14/10/25 23:00:00,Annual,Population on 1 January - total,Serbia,2020,6926705,,
ESTAT:TPS00001(1.0),14/10/25 23:00:00,Annual,Population on 1 January - total,Serbia,2021,6871547,,
ESTAT:TPS00001(1.0),14/10/25 23:00:00,Annual,Population on 1 January - total,Serbia,2022,6797105,,
ESTAT:TPS00001(1.0),14/10/25 23:00:00,Annual,Population on 1 January - total,Serbia,2023,6641197,,
ESTAT:TPS00001(1.0),14/10/25 23:00:00,Annual,Population on 1 January - total,Serbia,2024,6605168,,
ESTAT:TPS00001(1.0),14/10/25 23:00:00,Annual,Population on 1 January - total,Serbia,2025,6567783,,
ESTAT:TPS00001(1.0),14/10/25 23:00:00,Annual,Population on 1 January - total,Russia,2014,143666931,,
ESTAT:TPS00001(1.0),14/10/25 23:00:00,Annual,Population on 1 January - total,Sweden,2014,9644864,,
ESTAT:TPS00001(1.0),14/10/25 23:00:00,Annual,Population on 1 January - total,Sweden,2015,9747355,,
ESTAT:TPS00001(1.0),14/10/25 23:00:00,Annual,Population on 1 January - total,Sweden,2016,9851017,,
ESTAT:TPS00001(1.0),14/10/25 23:00:00,Annual,Population on 1 January - total,Sweden,2017,9995153,,
ESTAT:TPS00001(1.0),14/10/25 23:00:00,Annual,Population on 1 January - total,Sweden,2018,10120242,,
ESTAT:TPS00001(1.0),14/10/25 23:00:00,Annual,Population on 1 January - total,Sweden,2019,10230185,,
ESTAT:TPS00001(1.0),14/10/25 23:00:00,Annual,Population on 1 January - total,Sweden,2020,10327589,,
ESTAT:TPS00001(1.0),14/10/25 23:00:00,Annual,Population on 1 January - total,Sweden,2021,10379295,,
ESTAT:TPS00001(1.0),14/10/25 23:00:00,Annual,Population on 1 January - total,Sweden,2022,10452326,,
ESTAT:TPS00001(1.0),14/10/25 23:00:00,Annual,Population on 1 January - total,Sweden,2023,10521556,,
ESTAT:TPS00001(1.0),14/10/25 23:00:00,Annual,Population on 1 January - total,Sweden,2024,10551707,,
ESTAT:TPS00001(1.0),14/10/25 23:00:00,Annual,Population on 1 January - total,Sweden,2025,10587710,,
ESTAT:TPS00001(1.0),14/10/25 23:00:00,Annual,Population on 1 January - total,Slovenia,2014,2061085,,
ESTAT:TPS00001(1.0),14/10/25 23:00:00,Annual,Population on 1 January - total,Slovenia,2015,2062874,,
ESTAT:TPS00001(1.0),14/10/25 23:00:00,Annual,Population on 1 January - total,Slovenia,2016,2064188,,
ESTAT:TPS00001(1.0),14/10/25 23:00:00,Annual,Population on 1 January - total,Slovenia,2017,2065895,,
ESTAT:TPS00001(1.0),14/10/25 23:00:00,Annual,Population on 1 January - total,Slovenia,2018,2066880,,
ESTAT:TPS00001(1.0),14/10/25 23:00:00,Annual,Population on 1 January - total,Slovenia,2019,2080908,,
ESTAT:TPS00001(1.0),14/10/25 23:00:00,Annual,Population on 1 January - total,Slovenia,2020,2095861,,
ESTAT:TPS00001(1.0),14/10/25 23:00:00,Annual,Population on 1 January - total,Slovenia,2021,2108977,,
ESTAT:TPS00001(1.0),14/10/25 23:00:00,Annual,Population on 1 January - total,Slovenia,2022,2107180,,
ESTAT:TPS00001(1.0),14/10/25 23:00:00,Annual,Population on 1 January - total,Slovenia,2023,2116972,,
ESTAT:TPS00001(1.0),14/10/25 23:00:00,Annual,Population on 1 January - total,Slovenia,2024,2123949,,
ESTAT:TPS00001(1.0),14/10/25 23:00:00,Annual,Population on 1 January - total,Slovenia,2025,2130850,,
ESTAT:TPS00001(1.0),14/10/25 23:00:00,Annual,Population on 1 January - total,Slovakia,2014,5415949,,
ESTAT:TPS00001(1.0),14/10/25 23:00:00,Annual,Population on 1 January - total,Slovakia,2015,5421349,,
ESTAT:TPS00001(1.0),14/10/25 23:00:00,Annual,Population on 1 January - total,Slovakia,2016,5426252,,
ESTAT:TPS00001(1.0),14/10/25 23:00:00,Annual,Population on 1 January - total,Slovakia,2017,5435343,,
ESTAT:TPS00001(1.0),14/10/25 23:00:00,Annual,Population on 1 January - total,Slovakia,2018,5443120,,
ESTAT:TPS00001(1.0),14/10/25 23:00:00,Annual,Population on 1 January - total,Slovakia,2019,5450421,,
ESTAT:TPS00001(1.0),14/10/25 23:00:00,Annual,Population on 1 January - total,Slovakia,2020,5457873,,
ESTAT:TPS00001(1.0),14/10/25 23:00:00,Annual,Population on 1 January - total,Slovakia,2021,5459781,,
ESTAT:TPS00001(1.0),14/10/25 23:00:00,Annual,Population on 1 January - total,Slovakia,2022,5434712,,
ESTAT:TPS00001(1.0),14/10/25 23:00:00,Annual,Population on 1 January - total,Slovakia,2023,5428792,,
ESTAT:TPS00001(1.0),14/10/25 23:00:00,Annual,Population on 1 January - total,Slovakia,2024,5424687,,
ESTAT:TPS00001(1.0),14/10/25 23:00:00,Annual,Population on 1 January - total,Slovakia,2025,5419451,,
ESTAT:TPS00001(1.0),14/10/25 23:00:00,Annual,Population on 1 January - total,San Marino,2014,32520,,
ESTAT:TPS00001(1.0),14/10/25 23:00:00,Annual,Population on 1 January - total,San Marino,2015,32789,,
ESTAT:TPS00001(1.0),14/10/25 23:00:00,Annual,Population on 1 January - total,San Marino,2016,33005,,
ESTAT:TPS00001(1.0),14/10/25 23:00:00,Annual,Population on 1 January - total,San Marino,2017,33196,,
ESTAT:TPS00001(1.0),14/10/25 23:00:00,Annual,Population on 1 January - total,San Marino,2018,34453,,
ESTAT:TPS00001(1.0),14/10/25 23:00:00,Annual,Population on 1 January - total,San Marino,2019,34590,,
ESTAT:TPS00001(1.0),14/10/25 23:00:00,Annual,Population on 1 January - total,San Marino,2020,34735,,
ESTAT:TPS00001(1.0),14/10/25 23:00:00,Annual,Population on 1 January - total,San Marino,2021,34805,,
ESTAT:TPS00001(1.0),14/10/25 23:00:00,Annual,Population on 1 January - total,San Marino,2022,33698,,
ESTAT:TPS00001(1.0),14/10/25 23:00:00,Annual,Population on 1 January - total,San Marino,2023,33812,,
ESTAT:TPS00001(1.0),14/10/25 23:00:00,Annual,Population on 1 January - total,Türkiye,2014,76667864,,
ESTAT:TPS00001(1.0),14/10/25 23:00:00,Annual,Population on 1 January - total,Türkiye,2015,77695904,,
ESTAT:TPS00001(1.0),14/10/25 23:00:00,Annual,Population on 1 January - total,Türkiye,2016,78741053,,
ESTAT:TPS00001(1.0),14/10/25 23:00:00,Annual,Population on 1 January - total,Türkiye,2017,79814871,,
ESTAT:TPS00001(1.0),14/10/25 23:00:00,Annual,Population on 1 January - total,Türkiye,2018,80810525,,
ESTAT:TPS00001(1.0),14/10/25 23:00:00,Annual,Population on 1 January - total,Türkiye,2019,82003882,be,
ESTAT:TPS00001(1.0),14/10/25 23:00:00,Annual,Population on 1 January - total,Türkiye,2020,83154997,,
ESTAT:TPS00001(1.0),14/10/25 23:00:00,Annual,Population on 1 January - total,Türkiye,2021,83614362,,
ESTAT:TPS00001(1.0),14/10/25 23:00:00,Annual,Population on 1 January - total,Türkiye,2022,84680273,,
ESTAT:TPS00001(1.0),14/10/25 23:00:00,Annual,Population on 1 January - total,Türkiye,2023,85279553,,
ESTAT:TPS00001(1.0),14/10/25 23:00:00,Annual,Population on 1 January - total,Türkiye,2024,85372377,,
ESTAT:TPS00001(1.0),14/10/25 23:00:00,Annual,Population on 1 January - total,Türkiye,2025,85664944,,
ESTAT:TPS00001(1.0),14/10/25 23:00:00,Annual,Population on 1 January - total,Ukraine,2014,45245894,,
ESTAT:TPS00001(1.0),14/10/25 23:00:00,Annual,Population on 1 January - total,Ukraine,2015,42759661,b,
ESTAT:TPS00001(1.0),14/10/25 23:00:00,Annual,Population on 1 January - total,Ukraine,2016,42590879,,
ESTAT:TPS00001(1.0),14/10/25 23:00:00,Annual,Population on 1 January - total,Ukraine,2017,42414905,,
ESTAT:TPS00001(1.0),14/10/25 23:00:00,Annual,Population on 1 January - total,Ukraine,2018,42216766,,
ESTAT:TPS00001(1.0),14/10/25 23:00:00,Annual,Population on 1 January - total,Ukraine,2019,41983564,,
ESTAT:TPS00001(1.0),14/10/25 23:00:00,Annual,Population on 1 January - total,Ukraine,2020,41732779,,
ESTAT:TPS00001(1.0),14/10/25 23:00:00,Annual,Population on 1 January - total,Ukraine,2022,40997698,,
ESTAT:TPS00001(1.0),14/10/25 23:00:00,Annual,Population on 1 January - total,United Kingdom,2014,64351203,,
ESTAT:TPS00001(1.0),14/10/25 23:00:00,Annual,Population on 1 January - total,United Kingdom,2015,64853393,,
ESTAT:TPS00001(1.0),14/10/25 23:00:00,Annual,Population on 1 January - total,United Kingdom,2016,65379044,,
ESTAT:TPS00001(1.0),14/10/25 23:00:00,Annual,Population on 1 January - total,United Kingdom,2017,65844142,,
ESTAT:TPS00001(1.0),14/10/25 23:00:00,Annual,Population on 1 January - total,United Kingdom,2018,66273576,,
ESTAT:TPS00001(1.0),14/10/25 23:00:00,Annual,Population on 1 January - total,United Kingdom,2019,66647112,,
ESTAT:TPS00001(1.0),14/10/25 23:00:00,Annual,Population on 1 January - total,United Kingdom,2020,67025542,,
ESTAT:TPS00001(1.0),14/10/25 23:00:00,Annual,Population on 1 January - total,Kosovo*,2014,1820631,e,
ESTAT:TPS00001(1.0),14/10/25 23:00:00,Annual,Population on 1 January - total,Kosovo*,2015,1804944,e,
ESTAT:TPS00001(1.0),14/10/25 23:00:00,Annual,Population on 1 January - total,Kosovo*,2016,1771604,e,
ESTAT:TPS00001(1.0),14/10/25 23:00:00,Annual,Population on 1 January - total,Kosovo*,2017,1783531,e,
ESTAT:TPS00001(1.0),14/10/25 23:00:00,Annual,Population on 1 January - total,Kosovo*,2018,1798506,,
ESTAT:TPS00001(1.0),14/10/25 23:00:00,Annual,Population on 1 January - total,Kosovo*,2019,1795666,,
ESTAT:TPS00001(1.0),14/10/25 23:00:00,Annual,Population on 1 January - total,Kosovo*,2020,1782115,,
ESTAT:TPS00001(1.0),14/10/25 23:00:00,Annual,Population on 1 January - total,Kosovo*,2021,1798186,,
ESTAT:TPS00001(1.0),14/10/25 23:00:00,Annual,Population on 1 January - total,Kosovo*,2022,1773971,,
