DATAFLOW,LAST UPDATE,freq,unit,coicop,geo,TIME_PERIOD,OBS_VALUE,OBS_FLAG,CONF_STATUS
ESTAT:PRC_HICP_AIND(1.0),06/02/26 23:00:00,Annual,Annual average index,All-items HICP,"European Union (EU6-1958, EU9-1973, EU10-1981, EU12-1986, EU15-1995, EU25-2004, EU27-2007, EU28-2013, EU27-2020)",1996,70.26,,
ESTAT:PRC_HICP_AIND(1.0),06/02/26 23:00:00,Annual,Annual average index,All-items HICP,"European Union (EU6-1958, EU9-1973, EU10-1981, EU12-1986, EU15-1995, EU25-2004, EU27-2007, EU28-2013, EU27-2020)",1997,71.48,,
ESTAT:PRC_HICP_AIND(1.0),06/02/26 23:00:00,Annual,Annual average index,All-items HICP,"European Union (EU6-1958, EU9-1973, EU10-1981, EU12-1986, EU15-1995, EU25-2004, EU27-2007, EU28-2013, EU27-2020)",1998,72.40,,
ESTAT:PRC_HICP_AIND(1.0),06/02/26 23:00:00,Annual,Annual average index,All-items HICP,"European Union (EU6-1958, EU9-1973, EU10-1981, EU12-1986, EU15-1995, EU25-2004, EU27-2007, EU28-2013, EU27-2020)",1999,73.26,,
ESTAT:PRC_HICP_AIND(1.0),06/02/26 23:00:00,Annual,Annual average index,All-items HICP,"European Union (EU6-1958, EU9-1973, EU10-1981, EU12-1986, EU15-1995, EU25-2004, EU27-2007, EU28-2013, EU27-2020)",2000,74.65,,
ESTAT:PRC_HICP_AIND(1.0),06/02/26 23:00:00,Annual,Annual average index,All-items HICP,"European Union (EU6-1958, EU9-1973, EU10-1981, EU12-1986, EU15-1995, EU25-2004, EU27-2007, EU28-2013, EU27-2020)",2001,76.29,,
ESTAT:PRC_HICP_AIND(1.0),06/02/26 23:00:00,Annual,Annual average index,All-items HICP,"European Union (EU6-1958, EU9-1973, EU10-1981, EU12-1986, EU15-1995, EU25-2004, EU27-2007, EU28-2013, EU27-2020)",2002,77.87,,
ESTAT:PRC_HICP_AIND(1.0),06/02/26 23:00:00,Annual,Annual average index,All-items HICP,"European Union (EU6-1958, EU9-1973, EU10-1981, EU12-1986, EU15-1995, EU25-2004, EU27-2007, EU28-2013, EU27-2020)",2003,79.40,,
ESTAT:PRC_HICP_AIND(1.0),06/02/26 23:00:00,Annual,Annual average index,All-items HICP,"European Union (EU6-1958, EU9-1973, EU10-1981, EU12-1986, EU15-1995, EU25-2004, EU27-2007, EU28-2013, EU27-2020)",2004,81.00,,
ESTAT:PRC_HICP_AIND(1.0),06/02/26 23:00:00,Annual,Annual average index,All-items HICP,"European Union (EU6-1958, EU9-1973, EU10-1981, EU12-1986, EU15-1995, EU25-2004, EU27-2007, EU28-2013, EU27-2020)",2005,82.75,,
ESTAT:PRC_HICP_AIND(1.0),06/02/26 23:00:00,Annual,Annual average index,All-items HICP,"European Union (EU6-1958, EU9-1973, EU10-1981, EU12-1986, EU15-1995, EU25-2004, EU27-2007, EU28-2013, EU27-2020)",2006,84.58,,
ESTAT:PRC_HICP_AIND(1.0),06/02/26 23:00:00,Annual,Annual average index,All-items HICP,"European Union (EU6-1958, EU9-1973, EU10-1981, EU12-1986, EU15-1995, EU25-2004, EU27-2007, EU28-2013, EU27-2020)",2007,86.55,,
ESTAT:PRC_HICP_AIND(1.0),06/02/26 23:00:00,Annual,Annual average index,All-items HICP,"European Union (EU6-1958, EU9-1973, EU10-1981, EU12-1986, EU15-1995, EU25-2004, EU27-2007, EU28-2013, EU27-2020)",2008,89.72,,
ESTAT:PRC_HICP_AIND(1.0),06/02/26 23:00:00,Annual,Annual average index,All-items HICP,"European Union (EU6-1958, EU9-1973, EU10-1981, EU12-1986, EU15-1995, EU25-2004, EU27-2007, EU28-2013, EU27-2020)",2009,90.60,,
ESTAT:PRC_HICP_AIND(1.0),06/02/26 23:00:00,Annual,Annual average index,All-items HICP,"European Union (EU6-1958, EU9-1973, EU10-1981, EU12-1986, EU15-1995, EU25-2004, EU27-2007, EU28-2013, EU27-2020)",2010,92.49,,
ESTAT:PRC_HICP_AIND(1.0),06/02/26 23:00:00,Annual,Annual average index,All-items HICP,"European Union (EU6-1958, EU9-1973, EU10-1981, EU12-1986, EU15-1995, EU25-2004, EU27-2007, EU28-2013, EU27-2020)",2011,95.36,,
ESTAT:PRC_HICP_AIND(1.0),06/02/26 23:00:00,Annual,Annual average index,All-items HICP,"European Union (EU6-1958, EU9-1973, EU10-1981, EU12-1986, EU15-1995, EU25-2004, EU27-2007, EU28-2013, EU27-2020)",2012,97.88,,
ESTAT:PRC_HICP_AIND(1.0),06/02/26 23:00:00,Annual,Annual average index,All-items HICP,"European Union (EU6-1958, EU9-1973, EU10-1981, EU12-1986, EU15-1995, EU25-2004, EU27-2007, EU28-2013, EU27-2020)",2013,99.35,,
ESTAT:PRC_HICP_AIND(1.0),06/02/26 23:00:00,Annual,Annual average index,All-items HICP,"European Union (EU6-1958, EU9-1973, EU10-1981, EU12-1986, EU15-1995, EU25-2004, EU27-2007, EU28-2013, EU27-2020)",2014,99.90,,
ESTAT:PRC_HICP_AIND(1.0),06/02/26 23:00:00,Annual,Annual average index,All-items HICP,"European Union (EU6-1958, EU9-1973, EU10-1981, EU12-1986, EU15-1995, EU25-2004, EU27-2007, EU28-2013, EU27-2020)",2015,100.00,,
ESTAT:PRC_HICP_AIND(1.0),06/02/26 23:00:00,Annual,Annual average index,All-items HICP,"European Union (EU6-1958, EU9-1973, EU10-1981, EU12-1986, EU15-1995, EU25-2004, EU27-2007, EU28-2013, EU27-2020)",2016,100.25,,
ESTAT:PRC_HICP_AIND(1.0),06/02/26 23:00:00,Annual,Annual average index,All-items HICP,"European Union (EU6-1958, EU9-1973, EU10-1981, EU12-1986, EU15-1995, EU25-2004, EU27-2007, EU28-2013, EU27-2020)",2017,101.96,,
ESTAT:PRC_HICP_AIND(1.0),06/02/26 23:00:00,Annual,Annual average index,All-items HICP,"European Union (EU6-1958, EU9-1973, EU10-1981, EU12-1986, EU15-1995, EU25-2004, EU27-2007, EU28-2013, EU27-2020)",2018,103.89,,
ESTAT:PRC_HICP_AIND(1.0),06/02/26 23:00:00,Annual,Annual average index,All-items HICP,"European Union (EU6-1958, EU9-1973, EU10-1981, EU12-1986, EU15-1995, EU25-2004, EU27-2007, EU28-2013, EU27-2020)",2019,105.42,,
ESTAT:PRC_HICP_AIND(1.0),06/02/26 23:00:00,Annual,Annual average index,All-items HICP,"European Union (EU6-1958, EU9-1973, EU10-1981, EU12-1986, EU15-1995, EU25-2004, EU27-2007, EU28-2013, EU27-2020)",2020,106.20,,
ESTAT:PRC_HICP_AIND(1.0),06/02/26 23:00:00,Annual,Annual average index,All-items HICP,"European Union (EU6-1958, EU9-1973, EU10-1981, EU12-1986, EU15-1995, EU25-2004, EU27-2007, EU28-2013, EU27-2020)",2021,109.28,,
ESTAT:PRC_HICP_AIND(1.0),06/02/26 23:00:00,Annual,Annual average index,All-items HICP,"European Union (EU6-1958, EU9-1973, EU10-1981, EU12-1986, EU15-1995, EU25-2004, EU27-2007, EU28-2013, EU27-2020)",2022,119.32,,
ESTAT:PRC_HICP_AIND(1.0),06/02/26 23:00:00,Annual,Annual average index,All-items HICP,"European Union (EU6-1958, EU9-1973, EU10-1981, EU12-1986, EU15-1995, EU25-2004, EU27-2007, EU28-2013, EU27-2020)",2023,126.91,,
ESTAT:PRC_HICP_AIND(1.0),06/02/26 23:00:00,Annual,Annual average index,All-items HICP,"European Union (EU6-1958, EU9-1973, EU10-1981, EU12-1986, EU15-1995, EU25-2004, EU27-2007, EU28-2013, EU27-2020)",2024,130.21,,
ESTAT:PRC_HICP_AIND(1.0),06/02/26 23:00:00,Annual,Annual average index,All-items HICP,"European Union (EU6-1958, EU9-1973, EU10-1981, EU12-1986, EU15-1995, EU25-2004, EU27-2007, EU28-2013, EU27-2020)",2025,133.42,,
ESTAT:PRC_HICP_AIND(1.0),06/02/26 23:00:00,Annual,Annual average index,All-items HICP,Poland,1996,46.2,d,
ESTAT:PRC_HICP_AIND(1.0),06/02/26 23:00:00,Annual,Annual average index,All-items HICP,Poland,1997,53.1,d,
ESTAT:PRC_HICP_AIND(1.0),06/02/26 23:00:00,Annual,Annual average index,All-items HICP,Poland,1998,59.4,d,
ESTAT:PRC_HICP_AIND(1.0),06/02/26 23:00:00,Annual,Annual average index,All-items HICP,Poland,1999,63.6,,
ESTAT:PRC_HICP_AIND(1.0),06/02/26 23:00:00,Annual,Annual average index,All-items HICP,Poland,2000,70.0,,
ESTAT:PRC_HICP_AIND(1.0),06/02/26 23:00:00,Annual,Annual average index,All-items HICP,Poland,2001,73.8,,
ESTAT:PRC_HICP_AIND(1.0),06/02/26 23:00:00,Annual,Annual average index,All-items HICP,Poland,2002,75.2,,
ESTAT:PRC_HICP_AIND(1.0),06/02/26 23:00:00,Annual,Annual average index,All-items HICP,Poland,2003,75.7,,
ESTAT:PRC_HICP_AIND(1.0),06/02/26 23:00:00,Annual,Annual average index,All-items HICP,Poland,2004,78.5,,
ESTAT:PRC_HICP_AIND(1.0),06/02/26 23:00:00,Annual,Annual average index,All-items HICP,Poland,2005,80.2,,
ESTAT:PRC_HICP_AIND(1.0),06/02/26 23:00:00,Annual,Annual average index,All-items HICP,Poland,2006,81.2,,
ESTAT:PRC_HICP_AIND(1.0),06/02/26 23:00:00,Annual,Annual average index,All-items HICP,Poland,2007,83.3,,
ESTAT:PRC_HICP_AIND(1.0),06/02/26 23:00:00,Annual,Annual average index,All-items HICP,Poland,2008,86.8,,
ESTAT:PRC_HICP_AIND(1.0),06/02/26 23:00:00,Annual,Annual average index,All-items HICP,Poland,2009,90.3,,
ESTAT:PRC_HICP_AIND(1.0),06/02/26 23:00:00,Annual,Annual average index,All-items HICP,Poland,2010,92.7,,
ESTAT:PRC_HICP_AIND(1.0),06/02/26 23:00:00,Annual,Annual average index,All-items HICP,Poland,2011,96.3,,
ESTAT:PRC_HICP_AIND(1.0),06/02/26 23:00:00,Annual,Annual average index,All-items HICP,Poland,2012,99.8,,
ESTAT:PRC_HICP_AIND(1.0),06/02/26 23:00:00,Annual,Annual average index,All-items HICP,Poland,2013,100.6,,
ESTAT:PRC_HICP_AIND(1.0),06/02/26 23:00:00,Annual,Annual average index,All-items HICP,Poland,2014,100.7,,
ESTAT:PRC_HICP_AIND(1.0),06/02/26 23:00:00,Annual,Annual average index,All-items HICP,Poland,2015,100.0,,
ESTAT:PRC_HICP_AIND(1.0),06/02/26 23:00:00,Annual,Annual average index,All-items HICP,Poland,2016,99.8,,
ESTAT:PRC_HICP_AIND(1.0),06/02/26 23:00:00,Annual,Annual average index,All-items HICP,Poland,2017,101.4,,
ESTAT:PRC_HICP_AIND(1.0),06/02/26 23:00:00,Annual,Annual average index,All-items HICP,Poland,2018,102.6,,
ESTAT:PRC_HICP_AIND(1.0),06/02/26 23:00:00,Annual,Annual average index,All-items HICP,Poland,2019,104.8,,
ESTAT:PRC_HICP_AIND(1.0),06/02/26 23:00:00,Annual,Annual average index,All-items HICP,Poland,2020,108.6,,
ESTAT:PRC_HICP_AIND(1.0),06/02/26 23:00:00,Annual,Annual average index,All-items HICP,Poland,2021,114.3,,
ESTAT:PRC_HICP_AIND(1.0),06/02/26 23:00:00,Annual,Annual average index,All-items HICP,Poland,2022,129.4,,
ESTAT:PRC_HICP_AIND(1.0),06/02/26 23:00:00,Annual,Annual average index,All-items HICP,Poland,2023,143.5,,
ESTAT:PRC_HICP_AIND(1.0),06/02/26 23:00:00,Annual,Annual average index,All-items HICP,Poland,2024,148.7,,
ESTAT:PRC_HICP_AIND(1.0),06/02/26 23:00:00,Annual,Annual average index,All-items HICP,Poland,2025,153.7,,
ESTAT:PRC_HICP_AIND(1.0),06/02/26 23:00:00,Annual,Annual average index,Restaurants and hotels,"European Union (EU6-1958, EU9-1973, EU10-1981, EU12-1986, EU15-1995, EU25-2004, EU27-2007, EU28-2013, EU27-2020)",1996,60.11,,
ESTAT:PRC_HICP_AIND(1.0),06/02/26 23:00:00,Annual,Annual average index,Restaurants and hotels,"European Union (EU6-1958, EU9-1973, EU10-1981, EU12-1986, EU15-1995, EU25-2004, EU27-2007, EU28-2013, EU27-2020)",1997,61.62,,
ESTAT:PRC_HICP_AIND(1.0),06/02/26 23:00:00,Annual,Annual average index,Restaurants and hotels,"European Union (EU6-1958, EU9-1973, EU10-1981, EU12-1986, EU15-1995, EU25-2004, EU27-2007, EU28-2013, EU27-2020)",1998,63.29,,
ESTAT:PRC_HICP_AIND(1.0),06/02/26 23:00:00,Annual,Annual average index,Restaurants and hotels,"European Union (EU6-1958, EU9-1973, EU10-1981, EU12-1986, EU15-1995, EU25-2004, EU27-2007, EU28-2013, EU27-2020)",1999,64.92,,
ESTAT:PRC_HICP_AIND(1.0),06/02/26 23:00:00,Annual,Annual average index,Restaurants and hotels,"European Union (EU6-1958, EU9-1973, EU10-1981, EU12-1986, EU15-1995, EU25-2004, EU27-2007, EU28-2013, EU27-2020)",2000,66.81,,
ESTAT:PRC_HICP_AIND(1.0),06/02/26 23:00:00,Annual,Annual average index,Restaurants and hotels,"European Union (EU6-1958, EU9-1973, EU10-1981, EU12-1986, EU15-1995, EU25-2004, EU27-2007, EU28-2013, EU27-2020)",2001,69.18,,
ESTAT:PRC_HICP_AIND(1.0),06/02/26 23:00:00,Annual,Annual average index,Restaurants and hotels,"European Union (EU6-1958, EU9-1973, EU10-1981, EU12-1986, EU15-1995, EU25-2004, EU27-2007, EU28-2013, EU27-2020)",2002,72.15,,
ESTAT:PRC_HICP_AIND(1.0),06/02/26 23:00:00,Annual,Annual average index,Restaurants and hotels,"European Union (EU6-1958, EU9-1973, EU10-1981, EU12-1986, EU15-1995, EU25-2004, EU27-2007, EU28-2013, EU27-2020)",2003,74.43,,
ESTAT:PRC_HICP_AIND(1.0),06/02/26 23:00:00,Annual,Annual average index,Restaurants and hotels,"European Union (EU6-1958, EU9-1973, EU10-1981, EU12-1986, EU15-1995, EU25-2004, EU27-2007, EU28-2013, EU27-2020)",2004,76.58,,
ESTAT:PRC_HICP_AIND(1.0),06/02/26 23:00:00,Annual,Annual average index,Restaurants and hotels,"European Union (EU6-1958, EU9-1973, EU10-1981, EU12-1986, EU15-1995, EU25-2004, EU27-2007, EU28-2013, EU27-2020)",2005,78.73,,
ESTAT:PRC_HICP_AIND(1.0),06/02/26 23:00:00,Annual,Annual average index,Restaurants and hotels,"European Union (EU6-1958, EU9-1973, EU10-1981, EU12-1986, EU15-1995, EU25-2004, EU27-2007, EU28-2013, EU27-2020)",2006,80.91,,
ESTAT:PRC_HICP_AIND(1.0),06/02/26 23:00:00,Annual,Annual average index,Restaurants and hotels,"European Union (EU6-1958, EU9-1973, EU10-1981, EU12-1986, EU15-1995, EU25-2004, EU27-2007, EU28-2013, EU27-2020)",2007,83.67,,
ESTAT:PRC_HICP_AIND(1.0),06/02/26 23:00:00,Annual,Annual average index,Restaurants and hotels,"European Union (EU6-1958, EU9-1973, EU10-1981, EU12-1986, EU15-1995, EU25-2004, EU27-2007, EU28-2013, EU27-2020)",2008,86.92,,
ESTAT:PRC_HICP_AIND(1.0),06/02/26 23:00:00,Annual,Annual average index,Restaurants and hotels,"European Union (EU6-1958, EU9-1973, EU10-1981, EU12-1986, EU15-1995, EU25-2004, EU27-2007, EU28-2013, EU27-2020)",2009,88.83,,
ESTAT:PRC_HICP_AIND(1.0),06/02/26 23:00:00,Annual,Annual average index,Restaurants and hotels,"European Union (EU6-1958, EU9-1973, EU10-1981, EU12-1986, EU15-1995, EU25-2004, EU27-2007, EU28-2013, EU27-2020)",2010,90.25,,
ESTAT:PRC_HICP_AIND(1.0),06/02/26 23:00:00,Annual,Annual average index,Restaurants and hotels,"European Union (EU6-1958, EU9-1973, EU10-1981, EU12-1986, EU15-1995, EU25-2004, EU27-2007, EU28-2013, EU27-2020)",2011,92.45,,
ESTAT:PRC_HICP_AIND(1.0),06/02/26 23:00:00,Annual,Annual average index,Restaurants and hotels,"European Union (EU6-1958, EU9-1973, EU10-1981, EU12-1986, EU15-1995, EU25-2004, EU27-2007, EU28-2013, EU27-2020)",2012,94.47,,
ESTAT:PRC_HICP_AIND(1.0),06/02/26 23:00:00,Annual,Annual average index,Restaurants and hotels,"European Union (EU6-1958, EU9-1973, EU10-1981, EU12-1986, EU15-1995, EU25-2004, EU27-2007, EU28-2013, EU27-2020)",2013,96.65,,
ESTAT:PRC_HICP_AIND(1.0),06/02/26 23:00:00,Annual,Annual average index,Restaurants and hotels,"European Union (EU6-1958, EU9-1973, EU10-1981, EU12-1986, EU15-1995, EU25-2004, EU27-2007, EU28-2013, EU27-2020)",2014,98.30,,
ESTAT:PRC_HICP_AIND(1.0),06/02/26 23:00:00,Annual,Annual average index,Restaurants and hotels,"European Union (EU6-1958, EU9-1973, EU10-1981, EU12-1986, EU15-1995, EU25-2004, EU27-2007, EU28-2013, EU27-2020)",2015,100.00,,
ESTAT:PRC_HICP_AIND(1.0),06/02/26 23:00:00,Annual,Annual average index,Restaurants and hotels,"European Union (EU6-1958, EU9-1973, EU10-1981, EU12-1986, EU15-1995, EU25-2004, EU27-2007, EU28-2013, EU27-2020)",2016,101.79,,
ESTAT:PRC_HICP_AIND(1.0),06/02/26 23:00:00,Annual,Annual average index,Restaurants and hotels,"European Union (EU6-1958, EU9-1973, EU10-1981, EU12-1986, EU15-1995, EU25-2004, EU27-2007, EU28-2013, EU27-2020)",2017,104.29,,
ESTAT:PRC_HICP_AIND(1.0),06/02/26 23:00:00,Annual,Annual average index,Restaurants and hotels,"European Union (EU6-1958, EU9-1973, EU10-1981, EU12-1986, EU15-1995, EU25-2004, EU27-2007, EU28-2013, EU27-2020)",2018,106.67,,
ESTAT:PRC_HICP_AIND(1.0),06/02/26 23:00:00,Annual,Annual average index,Restaurants and hotels,"European Union (EU6-1958, EU9-1973, EU10-1981, EU12-1986, EU15-1995, EU25-2004, EU27-2007, EU28-2013, EU27-2020)",2019,109.14,,
ESTAT:PRC_HICP_AIND(1.0),06/02/26 23:00:00,Annual,Annual average index,Restaurants and hotels,"European Union (EU6-1958, EU9-1973, EU10-1981, EU12-1986, EU15-1995, EU25-2004, EU27-2007, EU28-2013, EU27-2020)",2020,110.84,,
ESTAT:PRC_HICP_AIND(1.0),06/02/26 23:00:00,Annual,Annual average index,Restaurants and hotels,"European Union (EU6-1958, EU9-1973, EU10-1981, EU12-1986, EU15-1995, EU25-2004, EU27-2007, EU28-2013, EU27-2020)",2021,113.01,,
ESTAT:PRC_HICP_AIND(1.0),06/02/26 23:00:00,Annual,Annual average index,Restaurants and hotels,"European Union (EU6-1958, EU9-1973, EU10-1981, EU12-1986, EU15-1995, EU25-2004, EU27-2007, EU28-2013, EU27-2020)",2022,122.18,,
ESTAT:PRC_HICP_AIND(1.0),06/02/26 23:00:00,Annual,Annual average index,Restaurants and hotels,"European Union (EU6-1958, EU9-1973, EU10-1981, EU12-1986, EU15-1995, EU25-2004, EU27-2007, EU28-2013, EU27-2020)",2023,132.43,,
ESTAT:PRC_HICP_AIND(1.0),06/02/26 23:00:00,Annual,Annual average index,Restaurants and hotels,"European Union (EU6-1958, EU9-1973, EU10-1981, EU12-1986, EU15-1995, EU25-2004, EU27-2007, EU28-2013, EU27-2020)",2024,139.32,,
ESTAT:PRC_HICP_AIND(1.0),06/02/26 23:00:00,Annual,Annual average index,Restaurants and hotels,"European Union (EU6-1958, EU9-1973, EU10-1981, EU12-1986, EU15-1995, EU25-2004, EU27-2007, EU28-2013, EU27-2020)",2025,144.95,,
ESTAT:PRC_HICP_AIND(1.0),06/02/26 23:00:00,Annual,Annual average index,Restaurants and hotels,Poland,1996,38.9,d,
ESTAT:PRC_HICP_AIND(1.0),06/02/26 23:00:00,Annual,Annual average index,Restaurants and hotels,Poland,1997,46.0,d,
ESTAT:PRC_HICP_AIND(1.0),06/02/26 23:00:00,Annual,Annual average index,Restaurants and hotels,Poland,1998,53.1,d,
ESTAT:PRC_HICP_AIND(1.0),06/02/26 23:00:00,Annual,Annual average index,Restaurants and hotels,Poland,1999,57.5,,
ESTAT:PRC_HICP_AIND(1.0),06/02/26 23:00:00,Annual,Annual average index,Restaurants and hotels,Poland,2000,62.3,,
ESTAT:PRC_HICP_AIND(1.0),06/02/26 23:00:00,Annual,Annual average index,Restaurants and hotels,Poland,2001,66.1,,
ESTAT:PRC_HICP_AIND(1.0),06/02/26 23:00:00,Annual,Annual average index,Restaurants and hotels,Poland,2002,68.0,,
ESTAT:PRC_HICP_AIND(1.0),06/02/26 23:00:00,Annual,Annual average index,Restaurants and hotels,Poland,2003,68.7,,
ESTAT:PRC_HICP_AIND(1.0),06/02/26 23:00:00,Annual,Annual average index,Restaurants and hotels,Poland,2004,70.5,,
ESTAT:PRC_HICP_AIND(1.0),06/02/26 23:00:00,Annual,Annual average index,Restaurants and hotels,Poland,2005,73.0,,
ESTAT:PRC_HICP_AIND(1.0),06/02/26 23:00:00,Annual,Annual average index,Restaurants and hotels,Poland,2006,74.3,,
ESTAT:PRC_HICP_AIND(1.0),06/02/26 23:00:00,Annual,Annual average index,Restaurants and hotels,Poland,2007,76.9,,
ESTAT:PRC_HICP_AIND(1.0),06/02/26 23:00:00,Annual,Annual average index,Restaurants and hotels,Poland,2008,81.5,,
ESTAT:PRC_HICP_AIND(1.0),06/02/26 23:00:00,Annual,Annual average index,Restaurants and hotels,Poland,2009,85.6,,
ESTAT:PRC_HICP_AIND(1.0),06/02/26 23:00:00,Annual,Annual average index,Restaurants and hotels,Poland,2010,88.3,,
ESTAT:PRC_HICP_AIND(1.0),06/02/26 23:00:00,Annual,Annual average index,Restaurants and hotels,Poland,2011,91.8,,
ESTAT:PRC_HICP_AIND(1.0),06/02/26 23:00:00,Annual,Annual average index,Restaurants and hotels,Poland,2012,94.5,,
ESTAT:PRC_HICP_AIND(1.0),06/02/26 23:00:00,Annual,Annual average index,Restaurants and hotels,Poland,2013,96.5,,
ESTAT:PRC_HICP_AIND(1.0),06/02/26 23:00:00,Annual,Annual average index,Restaurants and hotels,Poland,2014,98.1,,
ESTAT:PRC_HICP_AIND(1.0),06/02/26 23:00:00,Annual,Annual average index,Restaurants and hotels,Poland,2015,100.0,,
ESTAT:PRC_HICP_AIND(1.0),06/02/26 23:00:00,Annual,Annual average index,Restaurants and hotels,Poland,2016,101.4,,
ESTAT:PRC_HICP_AIND(1.0),06/02/26 23:00:00,Annual,Annual average index,Restaurants and hotels,Poland,2017,103.4,,
ESTAT:PRC_HICP_AIND(1.0),06/02/26 23:00:00,Annual,Annual average index,Restaurants and hotels,Poland,2018,106.4,,
ESTAT:PRC_HICP_AIND(1.0),06/02/26 23:00:00,Annual,Annual average index,Restaurants and hotels,Poland,2019,111.2,,
ESTAT:PRC_HICP_AIND(1.0),06/02/26 23:00:00,Annual,Annual average index,Restaurants and hotels,Poland,2020,118.2,,
ESTAT:PRC_HICP_AIND(1.0),06/02/26 23:00:00,Annual,Annual average index,Restaurants and hotels,Poland,2021,126.0,,
ESTAT:PRC_HICP_AIND(1.0),06/02/26 23:00:00,Annual,Annual average index,Restaurants and hotels,Poland,2022,146.4,,
ESTAT:PRC_HICP_AIND(1.0),06/02/26 23:00:00,Annual,Annual average index,Restaurants and hotels,Poland,2023,167.8,,
ESTAT:PRC_HICP_AIND(1.0),06/02/26 23:00:00,Annual,Annual average index,Restaurants and hotels,Poland,2024,180.6,,
ESTAT:PRC_HICP_AIND(1.0),06/02/26 23:00:00,Annual,Annual average index,Restaurants and hotels,Poland,2025,190.6,,
ESTAT:PRC_HICP_AIND(1.0),06/02/26 23:00:00,Annual,Annual average index,Accommodation services,"European Union (EU6-1958, EU9-1973, EU10-1981, EU12-1986, EU15-1995, EU25-2004, EU27-2007, EU28-2013, EU27-2020)",1996,60.01,,
ESTAT:PRC_HICP_AIND(1.0),06/02/26 23:00:00,Annual,Annual average index,Accommodation services,"European Union (EU6-1958, EU9-1973, EU10-1981, EU12-1986, EU15-1995, EU25-2004, EU27-2007, EU28-2013, EU27-2020)",1997,61.71,,
ESTAT:PRC_HICP_AIND(1.0),06/02/26 23:00:00,Annual,Annual average index,Accommodation services,"European Union (EU6-1958, EU9-1973, EU10-1981, EU12-1986, EU15-1995, EU25-2004, EU27-2007, EU28-2013, EU27-2020)",1998,63.88,,
ESTAT:PRC_HICP_AIND(1.0),06/02/26 23:00:00,Annual,Annual average index,Accommodation services,"European Union (EU6-1958, EU9-1973, EU10-1981, EU12-1986, EU15-1995, EU25-2004, EU27-2007, EU28-2013, EU27-2020)",1999,65.81,,
ESTAT:PRC_HICP_AIND(1.0),06/02/26 23:00:00,Annual,Annual average index,Accommodation services,"European Union (EU6-1958, EU9-1973, EU10-1981, EU12-1986, EU15-1995, EU25-2004, EU27-2007, EU28-2013, EU27-2020)",2000,68.76,,
ESTAT:PRC_HICP_AIND(1.0),06/02/26 23:00:00,Annual,Annual average index,Accommodation services,"European Union (EU6-1958, EU9-1973, EU10-1981, EU12-1986, EU15-1995, EU25-2004, EU27-2007, EU28-2013, EU27-2020)",2001,72.07,,
ESTAT:PRC_HICP_AIND(1.0),06/02/26 23:00:00,Annual,Annual average index,Accommodation services,"European Union (EU6-1958, EU9-1973, EU10-1981, EU12-1986, EU15-1995, EU25-2004, EU27-2007, EU28-2013, EU27-2020)",2002,75.40,,
ESTAT:PRC_HICP_AIND(1.0),06/02/26 23:00:00,Annual,Annual average index,Accommodation services,"European Union (EU6-1958, EU9-1973, EU10-1981, EU12-1986, EU15-1995, EU25-2004, EU27-2007, EU28-2013, EU27-2020)",2003,77.93,,
ESTAT:PRC_HICP_AIND(1.0),06/02/26 23:00:00,Annual,Annual average index,Accommodation services,"European Union (EU6-1958, EU9-1973, EU10-1981, EU12-1986, EU15-1995, EU25-2004, EU27-2007, EU28-2013, EU27-2020)",2004,80.32,,
ESTAT:PRC_HICP_AIND(1.0),06/02/26 23:00:00,Annual,Annual average index,Accommodation services,"European Union (EU6-1958, EU9-1973, EU10-1981, EU12-1986, EU15-1995, EU25-2004, EU27-2007, EU28-2013, EU27-2020)",2005,82.46,,
ESTAT:PRC_HICP_AIND(1.0),06/02/26 23:00:00,Annual,Annual average index,Accommodation services,"European Union (EU6-1958, EU9-1973, EU10-1981, EU12-1986, EU15-1995, EU25-2004, EU27-2007, EU28-2013, EU27-2020)",2006,84.77,,
ESTAT:PRC_HICP_AIND(1.0),06/02/26 23:00:00,Annual,Annual average index,Accommodation services,"European Union (EU6-1958, EU9-1973, EU10-1981, EU12-1986, EU15-1995, EU25-2004, EU27-2007, EU28-2013, EU27-2020)",2007,87.24,,
ESTAT:PRC_HICP_AIND(1.0),06/02/26 23:00:00,Annual,Annual average index,Accommodation services,"European Union (EU6-1958, EU9-1973, EU10-1981, EU12-1986, EU15-1995, EU25-2004, EU27-2007, EU28-2013, EU27-2020)",2008,89.22,,
ESTAT:PRC_HICP_AIND(1.0),06/02/26 23:00:00,Annual,Annual average index,Accommodation services,"European Union (EU6-1958, EU9-1973, EU10-1981, EU12-1986, EU15-1995, EU25-2004, EU27-2007, EU28-2013, EU27-2020)",2009,89.44,,
ESTAT:PRC_HICP_AIND(1.0),06/02/26 23:00:00,Annual,Annual average index,Accommodation services,"European Union (EU6-1958, EU9-1973, EU10-1981, EU12-1986, EU15-1995, EU25-2004, EU27-2007, EU28-2013, EU27-2020)",2010,89.69,,
ESTAT:PRC_HICP_AIND(1.0),06/02/26 23:00:00,Annual,Annual average index,Accommodation services,"European Union (EU6-1958, EU9-1973, EU10-1981, EU12-1986, EU15-1995, EU25-2004, EU27-2007, EU28-2013, EU27-2020)",2011,91.36,,
ESTAT:PRC_HICP_AIND(1.0),06/02/26 23:00:00,Annual,Annual average index,Accommodation services,"European Union (EU6-1958, EU9-1973, EU10-1981, EU12-1986, EU15-1995, EU25-2004, EU27-2007, EU28-2013, EU27-2020)",2012,92.30,,
ESTAT:PRC_HICP_AIND(1.0),06/02/26 23:00:00,Annual,Annual average index,Accommodation services,"European Union (EU6-1958, EU9-1973, EU10-1981, EU12-1986, EU15-1995, EU25-2004, EU27-2007, EU28-2013, EU27-2020)",2013,95.98,,
ESTAT:PRC_HICP_AIND(1.0),06/02/26 23:00:00,Annual,Annual average index,Accommodation services,"European Union (EU6-1958, EU9-1973, EU10-1981, EU12-1986, EU15-1995, EU25-2004, EU27-2007, EU28-2013, EU27-2020)",2014,97.53,,
ESTAT:PRC_HICP_AIND(1.0),06/02/26 23:00:00,Annual,Annual average index,Accommodation services,"European Union (EU6-1958, EU9-1973, EU10-1981, EU12-1986, EU15-1995, EU25-2004, EU27-2007, EU28-2013, EU27-2020)",2015,100.00,,
ESTAT:PRC_HICP_AIND(1.0),06/02/26 23:00:00,Annual,Annual average index,Accommodation services,"European Union (EU6-1958, EU9-1973, EU10-1981, EU12-1986, EU15-1995, EU25-2004, EU27-2007, EU28-2013, EU27-2020)",2016,102.12,,
ESTAT:PRC_HICP_AIND(1.0),06/02/26 23:00:00,Annual,Annual average index,Accommodation services,"European Union (EU6-1958, EU9-1973, EU10-1981, EU12-1986, EU15-1995, EU25-2004, EU27-2007, EU28-2013, EU27-2020)",2017,105.95,,
ESTAT:PRC_HICP_AIND(1.0),06/02/26 23:00:00,Annual,Annual average index,Accommodation services,"European Union (EU6-1958, EU9-1973, EU10-1981, EU12-1986, EU15-1995, EU25-2004, EU27-2007, EU28-2013, EU27-2020)",2018,109.09,,
ESTAT:PRC_HICP_AIND(1.0),06/02/26 23:00:00,Annual,Annual average index,Accommodation services,"European Union (EU6-1958, EU9-1973, EU10-1981, EU12-1986, EU15-1995, EU25-2004, EU27-2007, EU28-2013, EU27-2020)",2019,111.47,,
ESTAT:PRC_HICP_AIND(1.0),06/02/26 23:00:00,Annual,Annual average index,Accommodation services,"European Union (EU6-1958, EU9-1973, EU10-1981, EU12-1986, EU15-1995, EU25-2004, EU27-2007, EU28-2013, EU27-2020)",2020,110.60,,
ESTAT:PRC_HICP_AIND(1.0),06/02/26 23:00:00,Annual,Annual average index,Accommodation services,"European Union (EU6-1958, EU9-1973, EU10-1981, EU12-1986, EU15-1995, EU25-2004, EU27-2007, EU28-2013, EU27-2020)",2021,112.35,,
ESTAT:PRC_HICP_AIND(1.0),06/02/26 23:00:00,Annual,Annual average index,Accommodation services,"European Union (EU6-1958, EU9-1973, EU10-1981, EU12-1986, EU15-1995, EU25-2004, EU27-2007, EU28-2013, EU27-2020)",2022,126.56,,
ESTAT:PRC_HICP_AIND(1.0),06/02/26 23:00:00,Annual,Annual average index,Accommodation services,"European Union (EU6-1958, EU9-1973, EU10-1981, EU12-1986, EU15-1995, EU25-2004, EU27-2007, EU28-2013, EU27-2020)",2023,138.27,,
ESTAT:PRC_HICP_AIND(1.0),06/02/26 23:00:00,Annual,Annual average index,Accommodation services,"European Union (EU6-1958, EU9-1973, EU10-1981, EU12-1986, EU15-1995, EU25-2004, EU27-2007, EU28-2013, EU27-2020)",2024,145.57,,
ESTAT:PRC_HICP_AIND(1.0),06/02/26 23:00:00,Annual,Annual average index,Accommodation services,"European Union (EU6-1958, EU9-1973, EU10-1981, EU12-1986, EU15-1995, EU25-2004, EU27-2007, EU28-2013, EU27-2020)",2025,151.51,,
ESTAT:PRC_HICP_AIND(1.0),06/02/26 23:00:00,Annual,Annual average index,Accommodation services,Poland,1996,34.4,d,
ESTAT:PRC_HICP_AIND(1.0),06/02/26 23:00:00,Annual,Annual average index,Accommodation services,Poland,1997,40.7,d,
ESTAT:PRC_HICP_AIND(1.0),06/02/26 23:00:00,Annual,Annual average index,Accommodation services,Poland,1998,48.8,d,
ESTAT:PRC_HICP_AIND(1.0),06/02/26 23:00:00,Annual,Annual average index,Accommodation services,Poland,1999,57.2,,
ESTAT:PRC_HICP_AIND(1.0),06/02/26 23:00:00,Annual,Annual average index,Accommodation services,Poland,2000,63.6,,
ESTAT:PRC_HICP_AIND(1.0),06/02/26 23:00:00,Annual,Annual average index,Accommodation services,Poland,2001,67.8,,
ESTAT:PRC_HICP_AIND(1.0),06/02/26 23:00:00,Annual,Annual average index,Accommodation services,Poland,2002,69.2,,
ESTAT:PRC_HICP_AIND(1.0),06/02/26 23:00:00,Annual,Annual average index,Accommodation services,Poland,2003,70.0,,
ESTAT:PRC_HICP_AIND(1.0),06/02/26 23:00:00,Annual,Annual average index,Accommodation services,Poland,2004,71.4,,
ESTAT:PRC_HICP_AIND(1.0),06/02/26 23:00:00,Annual,Annual average index,Accommodation services,Poland,2005,73.8,,
ESTAT:PRC_HICP_AIND(1.0),06/02/26 23:00:00,Annual,Annual average index,Accommodation services,Poland,2006,75.1,,
ESTAT:PRC_HICP_AIND(1.0),06/02/26 23:00:00,Annual,Annual average index,Accommodation services,Poland,2007,77.4,,
ESTAT:PRC_HICP_AIND(1.0),06/02/26 23:00:00,Annual,Annual average index,Accommodation services,Poland,2008,81.5,,
ESTAT:PRC_HICP_AIND(1.0),06/02/26 23:00:00,Annual,Annual average index,Accommodation services,Poland,2009,85.2,,
ESTAT:PRC_HICP_AIND(1.0),06/02/26 23:00:00,Annual,Annual average index,Accommodation services,Poland,2010,87.5,,
ESTAT:PRC_HICP_AIND(1.0),06/02/26 23:00:00,Annual,Annual average index,Accommodation services,Poland,2011,90.3,,
ESTAT:PRC_HICP_AIND(1.0),06/02/26 23:00:00,Annual,Annual average index,Accommodation services,Poland,2012,92.7,,
ESTAT:PRC_HICP_AIND(1.0),06/02/26 23:00:00,Annual,Annual average index,Accommodation services,Poland,2013,94.1,,
ESTAT:PRC_HICP_AIND(1.0),06/02/26 23:00:00,Annual,Annual average index,Accommodation services,Poland,2014,96.5,,
ESTAT:PRC_HICP_AIND(1.0),06/02/26 23:00:00,Annual,Annual average index,Accommodation services,Poland,2015,100.0,,
ESTAT:PRC_HICP_AIND(1.0),06/02/26 23:00:00,Annual,Annual average index,Accommodation services,Poland,2016,102.0,,
ESTAT:PRC_HICP_AIND(1.0),06/02/26 23:00:00,Annual,Annual average index,Accommodation services,Poland,2017,103.7,,
ESTAT:PRC_HICP_AIND(1.0),06/02/26 23:00:00,Annual,Annual average index,Accommodation services,Poland,2018,105.6,,
ESTAT:PRC_HICP_AIND(1.0),06/02/26 23:00:00,Annual,Annual average index,Accommodation services,Poland,2019,107.8,,
ESTAT:PRC_HICP_AIND(1.0),06/02/26 23:00:00,Annual,Annual average index,Accommodation services,Poland,2020,109.5,,
ESTAT:PRC_HICP_AIND(1.0),06/02/26 23:00:00,Annual,Annual average index,Accommodation services,Poland,2021,114.0,,
ESTAT:PRC_HICP_AIND(1.0),06/02/26 23:00:00,Annual,Annual average index,Accommodation services,Poland,2022,132.0,,
ESTAT:PRC_HICP_AIND(1.0),06/02/26 23:00:00,Annual,Annual average index,Accommodation services,Poland,2023,150.3,,
ESTAT:PRC_HICP_AIND(1.0),06/02/26 23:00:00,Annual,Annual average index,Accommodation services,Poland,2024,160.1,,
ESTAT:PRC_HICP_AIND(1.0),06/02/26 23:00:00,Annual,Annual average index,Accommodation services,Poland,2025,168.6,,
ESTAT:PRC_HICP_AIND(1.0),06/02/26 23:00:00,Annual,Annual average index,"Hotels, motels, inns and similar accommodation services","European Union (EU6-1958, EU9-1973, EU10-1981, EU12-1986, EU15-1995, EU25-2004, EU27-2007, EU28-2013, EU27-2020)",2017,106.09,,
ESTAT:PRC_HICP_AIND(1.0),06/02/26 23:00:00,Annual,Annual average index,"Hotels, motels, inns and similar accommodation services","European Union (EU6-1958, EU9-1973, EU10-1981, EU12-1986, EU15-1995, EU25-2004, EU27-2007, EU28-2013, EU27-2020)",2018,109.03,,
ESTAT:PRC_HICP_AIND(1.0),06/02/26 23:00:00,Annual,Annual average index,"Hotels, motels, inns and similar accommodation services","European Union (EU6-1958, EU9-1973, EU10-1981, EU12-1986, EU15-1995, EU25-2004, EU27-2007, EU28-2013, EU27-2020)",2019,111.17,,
ESTAT:PRC_HICP_AIND(1.0),06/02/26 23:00:00,Annual,Annual average index,"Hotels, motels, inns and similar accommodation services","European Union (EU6-1958, EU9-1973, EU10-1981, EU12-1986, EU15-1995, EU25-2004, EU27-2007, EU28-2013, EU27-2020)",2020,108.83,,
ESTAT:PRC_HICP_AIND(1.0),06/02/26 23:00:00,Annual,Annual average index,"Hotels, motels, inns and similar accommodation services","European Union (EU6-1958, EU9-1973, EU10-1981, EU12-1986, EU15-1995, EU25-2004, EU27-2007, EU28-2013, EU27-2020)",2021,109.97,,
ESTAT:PRC_HICP_AIND(1.0),06/02/26 23:00:00,Annual,Annual average index,"Hotels, motels, inns and similar accommodation services","European Union (EU6-1958, EU9-1973, EU10-1981, EU12-1986, EU15-1995, EU25-2004, EU27-2007, EU28-2013, EU27-2020)",2022,127.46,,
ESTAT:PRC_HICP_AIND(1.0),06/02/26 23:00:00,Annual,Annual average index,"Hotels, motels, inns and similar accommodation services","European Union (EU6-1958, EU9-1973, EU10-1981, EU12-1986, EU15-1995, EU25-2004, EU27-2007, EU28-2013, EU27-2020)",2023,140.33,,
ESTAT:PRC_HICP_AIND(1.0),06/02/26 23:00:00,Annual,Annual average index,"Hotels, motels, inns and similar accommodation services","European Union (EU6-1958, EU9-1973, EU10-1981, EU12-1986, EU15-1995, EU25-2004, EU27-2007, EU28-2013, EU27-2020)",2024,147.08,,
ESTAT:PRC_HICP_AIND(1.0),06/02/26 23:00:00,Annual,Annual average index,"Hotels, motels, inns and similar accommodation services","European Union (EU6-1958, EU9-1973, EU10-1981, EU12-1986, EU15-1995, EU25-2004, EU27-2007, EU28-2013, EU27-2020)",2025,152.84,,
ESTAT:PRC_HICP_AIND(1.0),06/02/26 23:00:00,Annual,Annual average index,"Hotels, motels, inns and similar accommodation services",Poland,2015,100.0,,
ESTAT:PRC_HICP_AIND(1.0),06/02/26 23:00:00,Annual,Annual average index,"Hotels, motels, inns and similar accommodation services",Poland,2016,102.0,,
ESTAT:PRC_HICP_AIND(1.0),06/02/26 23:00:00,Annual,Annual average index,"Hotels, motels, inns and similar accommodation services",Poland,2017,103.6,,
ESTAT:PRC_HICP_AIND(1.0),06/02/26 23:00:00,Annual,Annual average index,"Hotels, motels, inns and similar accommodation services",Poland,2018,105.3,,
ESTAT:PRC_HICP_AIND(1.0),06/02/26 23:00:00,Annual,Annual average index,"Hotels, motels, inns and similar accommodation services",Poland,2019,107.5,,
ESTAT:PRC_HICP_AIND(1.0),06/02/26 23:00:00,Annual,Annual average index,"Hotels, motels, inns and similar accommodation services",Poland,2020,109.0,,
ESTAT:PRC_HICP_AIND(1.0),06/02/26 23:00:00,Annual,Annual average index,"Hotels, motels, inns and similar accommodation services",Poland,2021,113.4,,
ESTAT:PRC_HICP_AIND(1.0),06/02/26 23:00:00,Annual,Annual average index,"Hotels, motels, inns and similar accommodation services",Poland,2022,131.2,,
ESTAT:PRC_HICP_AIND(1.0),06/02/26 23:00:00,Annual,Annual average index,"Hotels, motels, inns and similar accommodation services",Poland,2023,149.5,,
ESTAT:PRC_HICP_AIND(1.0),06/02/26 23:00:00,Annual,Annual average index,"Hotels, motels, inns and similar accommodation services",Poland,2024,158.9,,
ESTAT:PRC_HICP_AIND(1.0),06/02/26 23:00:00,Annual,Annual average index,"Hotels, motels, inns and similar accommodation services",Poland,2025,167.2,,
ESTAT:PRC_HICP_AIND(1.0),06/02/26 23:00:00,Annual,Annual average index,Services related to housing,"European Union (EU6-1958, EU9-1973, EU10-1981, EU12-1986, EU15-1995, EU25-2004, EU27-2007, EU28-2013, EU27-2020)",2001,72.65,,
ESTAT:PRC_HICP_AIND(1.0),06/02/26 23:00:00,Annual,Annual average index,Services related to housing,"European Union (EU6-1958, EU9-1973, EU10-1981, EU12-1986, EU15-1995, EU25-2004, EU27-2007, EU28-2013, EU27-2020)",2002,74.49,,
ESTAT:PRC_HICP_AIND(1.0),06/02/26 23:00:00,Annual,Annual average index,Services related to housing,"European Union (EU6-1958, EU9-1973, EU10-1981, EU12-1986, EU15-1995, EU25-2004, EU27-2007, EU28-2013, EU27-2020)",2003,76.27,,
ESTAT:PRC_HICP_AIND(1.0),06/02/26 23:00:00,Annual,Annual average index,Services related to housing,"European Union (EU6-1958, EU9-1973, EU10-1981, EU12-1986, EU15-1995, EU25-2004, EU27-2007, EU28-2013, EU27-2020)",2004,78.21,,
ESTAT:PRC_HICP_AIND(1.0),06/02/26 23:00:00,Annual,Annual average index,Services related to housing,"European Union (EU6-1958, EU9-1973, EU10-1981, EU12-1986, EU15-1995, EU25-2004, EU27-2007, EU28-2013, EU27-2020)",2005,80.40,,
ESTAT:PRC_HICP_AIND(1.0),06/02/26 23:00:00,Annual,Annual average index,Services related to housing,"European Union (EU6-1958, EU9-1973, EU10-1981, EU12-1986, EU15-1995, EU25-2004, EU27-2007, EU28-2013, EU27-2020)",2006,82.54,,
ESTAT:PRC_HICP_AIND(1.0),06/02/26 23:00:00,Annual,Annual average index,Services related to housing,"European Union (EU6-1958, EU9-1973, EU10-1981, EU12-1986, EU15-1995, EU25-2004, EU27-2007, EU28-2013, EU27-2020)",2007,85.04,,
ESTAT:PRC_HICP_AIND(1.0),06/02/26 23:00:00,Annual,Annual average index,Services related to housing,"European Union (EU6-1958, EU9-1973, EU10-1981, EU12-1986, EU15-1995, EU25-2004, EU27-2007, EU28-2013, EU27-2020)",2008,87.53,,
ESTAT:PRC_HICP_AIND(1.0),06/02/26 23:00:00,Annual,Annual average index,Services related to housing,"European Union (EU6-1958, EU9-1973, EU10-1981, EU12-1986, EU15-1995, EU25-2004, EU27-2007, EU28-2013, EU27-2020)",2009,89.59,,
ESTAT:PRC_HICP_AIND(1.0),06/02/26 23:00:00,Annual,Annual average index,Services related to housing,"European Union (EU6-1958, EU9-1973, EU10-1981, EU12-1986, EU15-1995, EU25-2004, EU27-2007, EU28-2013, EU27-2020)",2010,91.25,,
ESTAT:PRC_HICP_AIND(1.0),06/02/26 23:00:00,Annual,Annual average index,Services related to housing,"European Union (EU6-1958, EU9-1973, EU10-1981, EU12-1986, EU15-1995, EU25-2004, EU27-2007, EU28-2013, EU27-2020)",2011,93.08,,
ESTAT:PRC_HICP_AIND(1.0),06/02/26 23:00:00,Annual,Annual average index,Services related to housing,"European Union (EU6-1958, EU9-1973, EU10-1981, EU12-1986, EU15-1995, EU25-2004, EU27-2007, EU28-2013, EU27-2020)",2012,95.03,,
ESTAT:PRC_HICP_AIND(1.0),06/02/26 23:00:00,Annual,Annual average index,Services related to housing,"European Union (EU6-1958, EU9-1973, EU10-1981, EU12-1986, EU15-1995, EU25-2004, EU27-2007, EU28-2013, EU27-2020)",2013,96.84,,
ESTAT:PRC_HICP_AIND(1.0),06/02/26 23:00:00,Annual,Annual average index,Services related to housing,"European Union (EU6-1958, EU9-1973, EU10-1981, EU12-1986, EU15-1995, EU25-2004, EU27-2007, EU28-2013, EU27-2020)",2014,98.61,,
ESTAT:PRC_HICP_AIND(1.0),06/02/26 23:00:00,Annual,Annual average index,Services related to housing,"European Union (EU6-1958, EU9-1973, EU10-1981, EU12-1986, EU15-1995, EU25-2004, EU27-2007, EU28-2013, EU27-2020)",2015,100.00,,
ESTAT:PRC_HICP_AIND(1.0),06/02/26 23:00:00,Annual,Annual average index,Services related to housing,"European Union (EU6-1958, EU9-1973, EU10-1981, EU12-1986, EU15-1995, EU25-2004, EU27-2007, EU28-2013, EU27-2020)",2016,101.23,,
ESTAT:PRC_HICP_AIND(1.0),06/02/26 23:00:00,Annual,Annual average index,Services related to housing,"European Union (EU6-1958, EU9-1973, EU10-1981, EU12-1986, EU15-1995, EU25-2004, EU27-2007, EU28-2013, EU27-2020)",2017,102.60,b,
ESTAT:PRC_HICP_AIND(1.0),06/02/26 23:00:00,Annual,Annual average index,Services related to housing,"European Union (EU6-1958, EU9-1973, EU10-1981, EU12-1986, EU15-1995, EU25-2004, EU27-2007, EU28-2013, EU27-2020)",2018,103.92,,
ESTAT:PRC_HICP_AIND(1.0),06/02/26 23:00:00,Annual,Annual average index,Services related to housing,"European Union (EU6-1958, EU9-1973, EU10-1981, EU12-1986, EU15-1995, EU25-2004, EU27-2007, EU28-2013, EU27-2020)",2019,105.56,,
ESTAT:PRC_HICP_AIND(1.0),06/02/26 23:00:00,Annual,Annual average index,Services related to housing,"European Union (EU6-1958, EU9-1973, EU10-1981, EU12-1986, EU15-1995, EU25-2004, EU27-2007, EU28-2013, EU27-2020)",2020,107.42,,
ESTAT:PRC_HICP_AIND(1.0),06/02/26 23:00:00,Annual,Annual average index,Services related to housing,"European Union (EU6-1958, EU9-1973, EU10-1981, EU12-1986, EU15-1995, EU25-2004, EU27-2007, EU28-2013, EU27-2020)",2021,109.45,,
ESTAT:PRC_HICP_AIND(1.0),06/02/26 23:00:00,Annual,Annual average index,Services related to housing,"European Union (EU6-1958, EU9-1973, EU10-1981, EU12-1986, EU15-1995, EU25-2004, EU27-2007, EU28-2013, EU27-2020)",2022,112.95,,
ESTAT:PRC_HICP_AIND(1.0),06/02/26 23:00:00,Annual,Annual average index,Services related to housing,"European Union (EU6-1958, EU9-1973, EU10-1981, EU12-1986, EU15-1995, EU25-2004, EU27-2007, EU28-2013, EU27-2020)",2023,117.74,,
ESTAT:PRC_HICP_AIND(1.0),06/02/26 23:00:00,Annual,Annual average index,Services related to housing,"European Union (EU6-1958, EU9-1973, EU10-1981, EU12-1986, EU15-1995, EU25-2004, EU27-2007, EU28-2013, EU27-2020)",2024,122.12,,
ESTAT:PRC_HICP_AIND(1.0),06/02/26 23:00:00,Annual,Annual average index,Services related to housing,"European Union (EU6-1958, EU9-1973, EU10-1981, EU12-1986, EU15-1995, EU25-2004, EU27-2007, EU28-2013, EU27-2020)",2025,126.62,,
ESTAT:PRC_HICP_AIND(1.0),06/02/26 23:00:00,Annual,Annual average index,Services related to housing,Poland,1996,25.0,d,
ESTAT:PRC_HICP_AIND(1.0),06/02/26 23:00:00,Annual,Annual average index,Services related to housing,Poland,1997,31.3,d,
ESTAT:PRC_HICP_AIND(1.0),06/02/26 23:00:00,Annual,Annual average index,Services related to housing,Poland,1998,38.4,d,
ESTAT:PRC_HICP_AIND(1.0),06/02/26 23:00:00,Annual,Annual average index,Services related to housing,Poland,1999,45.4,,
ESTAT:PRC_HICP_AIND(1.0),06/02/26 23:00:00,Annual,Annual average index,Services related to housing,Poland,2000,53.0,,
ESTAT:PRC_HICP_AIND(1.0),06/02/26 23:00:00,Annual,Annual average index,Services related to housing,Poland,2001,58.8,,
ESTAT:PRC_HICP_AIND(1.0),06/02/26 23:00:00,Annual,Annual average index,Services related to housing,Poland,2002,61.8,,
ESTAT:PRC_HICP_AIND(1.0),06/02/26 23:00:00,Annual,Annual average index,Services related to housing,Poland,2003,64.0,,
ESTAT:PRC_HICP_AIND(1.0),06/02/26 23:00:00,Annual,Annual average index,Services related to housing,Poland,2004,65.7,,
ESTAT:PRC_HICP_AIND(1.0),06/02/26 23:00:00,Annual,Annual average index,Services related to housing,Poland,2005,67.7,,
ESTAT:PRC_HICP_AIND(1.0),06/02/26 23:00:00,Annual,Annual average index,Services related to housing,Poland,2006,69.5,,
ESTAT:PRC_HICP_AIND(1.0),06/02/26 23:00:00,Annual,Annual average index,Services related to housing,Poland,2007,73.1,,
ESTAT:PRC_HICP_AIND(1.0),06/02/26 23:00:00,Annual,Annual average index,Services related to housing,Poland,2008,78.9,,
ESTAT:PRC_HICP_AIND(1.0),06/02/26 23:00:00,Annual,Annual average index,Services related to housing,Poland,2009,83.5,,
ESTAT:PRC_HICP_AIND(1.0),06/02/26 23:00:00,Annual,Annual average index,Services related to housing,Poland,2010,85.8,,
ESTAT:PRC_HICP_AIND(1.0),06/02/26 23:00:00,Annual,Annual average index,Services related to housing,Poland,2011,89.2,,
ESTAT:PRC_HICP_AIND(1.0),06/02/26 23:00:00,Annual,Annual average index,Services related to housing,Poland,2012,92.2,,
ESTAT:PRC_HICP_AIND(1.0),06/02/26 23:00:00,Annual,Annual average index,Services related to housing,Poland,2013,96.0,,
ESTAT:PRC_HICP_AIND(1.0),06/02/26 23:00:00,Annual,Annual average index,Services related to housing,Poland,2014,98.6,,
ESTAT:PRC_HICP_AIND(1.0),06/02/26 23:00:00,Annual,Annual average index,Services related to housing,Poland,2015,100.0,,
ESTAT:PRC_HICP_AIND(1.0),06/02/26 23:00:00,Annual,Annual average index,Services related to housing,Poland,2016,101.8,,
ESTAT:PRC_HICP_AIND(1.0),06/02/26 23:00:00,Annual,Annual average index,Services related to housing,Poland,2017,105.0,b,
ESTAT:PRC_HICP_AIND(1.0),06/02/26 23:00:00,Annual,Annual average index,Services related to housing,Poland,2018,109.1,,
ESTAT:PRC_HICP_AIND(1.0),06/02/26 23:00:00,Annual,Annual average index,Services related to housing,Poland,2019,116.4,,
ESTAT:PRC_HICP_AIND(1.0),06/02/26 23:00:00,Annual,Annual average index,Services related to housing,Poland,2020,129.7,,
ESTAT:PRC_HICP_AIND(1.0),06/02/26 23:00:00,Annual,Annual average index,Services related to housing,Poland,2021,142.9,,
ESTAT:PRC_HICP_AIND(1.0),06/02/26 23:00:00,Annual,Annual average index,Services related to housing,Poland,2022,165.7,,
ESTAT:PRC_HICP_AIND(1.0),06/02/26 23:00:00,Annual,Annual average index,Services related to housing,Poland,2023,185.3,,
ESTAT:PRC_HICP_AIND(1.0),06/02/26 23:00:00,Annual,Annual average index,Services related to housing,Poland,2024,197.3,,
ESTAT:PRC_HICP_AIND(1.0),06/02/26 23:00:00,Annual,Annual average index,Services related to housing,Poland,2025,211.2,,
ESTAT:PRC_HICP_AIND(1.0),06/02/26 23:00:00,Annual,Annual average rate of change,All-items HICP,"European Union (EU6-1958, EU9-1973, EU10-1981, EU12-1986, EU15-1995, EU25-2004, EU27-2007, EU28-2013, EU27-2020)",1997,1.7,,
ESTAT:PRC_HICP_AIND(1.0),06/02/26 23:00:00,Annual,Annual average rate of change,All-items HICP,"European Union (EU6-1958, EU9-1973, EU10-1981, EU12-1986, EU15-1995, EU25-2004, EU27-2007, EU28-2013, EU27-2020)",1998,1.3,,
ESTAT:PRC_HICP_AIND(1.0),06/02/26 23:00:00,Annual,Annual average rate of change,All-items HICP,"European Union (EU6-1958, EU9-1973, EU10-1981, EU12-1986, EU15-1995, EU25-2004, EU27-2007, EU28-2013, EU27-2020)",1999,1.2,,
ESTAT:PRC_HICP_AIND(1.0),06/02/26 23:00:00,Annual,Annual average rate of change,All-items HICP,"European Union (EU6-1958, EU9-1973, EU10-1981, EU12-1986, EU15-1995, EU25-2004, EU27-2007, EU28-2013, EU27-2020)",2000,1.9,,
ESTAT:PRC_HICP_AIND(1.0),06/02/26 23:00:00,Annual,Annual average rate of change,All-items HICP,"European Union (EU6-1958, EU9-1973, EU10-1981, EU12-1986, EU15-1995, EU25-2004, EU27-2007, EU28-2013, EU27-2020)",2001,2.2,,
ESTAT:PRC_HICP_AIND(1.0),06/02/26 23:00:00,Annual,Annual average rate of change,All-items HICP,"European Union (EU6-1958, EU9-1973, EU10-1981, EU12-1986, EU15-1995, EU25-2004, EU27-2007, EU28-2013, EU27-2020)",2002,2.1,,
ESTAT:PRC_HICP_AIND(1.0),06/02/26 23:00:00,Annual,Annual average rate of change,All-items HICP,"European Union (EU6-1958, EU9-1973, EU10-1981, EU12-1986, EU15-1995, EU25-2004, EU27-2007, EU28-2013, EU27-2020)",2003,2.0,,
ESTAT:PRC_HICP_AIND(1.0),06/02/26 23:00:00,Annual,Annual average rate of change,All-items HICP,"European Union (EU6-1958, EU9-1973, EU10-1981, EU12-1986, EU15-1995, EU25-2004, EU27-2007, EU28-2013, EU27-2020)",2004,2.0,,
ESTAT:PRC_HICP_AIND(1.0),06/02/26 23:00:00,Annual,Annual average rate of change,All-items HICP,"European Union (EU6-1958, EU9-1973, EU10-1981, EU12-1986, EU15-1995, EU25-2004, EU27-2007, EU28-2013, EU27-2020)",2005,2.2,,
ESTAT:PRC_HICP_AIND(1.0),06/02/26 23:00:00,Annual,Annual average rate of change,All-items HICP,"European Union (EU6-1958, EU9-1973, EU10-1981, EU12-1986, EU15-1995, EU25-2004, EU27-2007, EU28-2013, EU27-2020)",2006,2.2,,
ESTAT:PRC_HICP_AIND(1.0),06/02/26 23:00:00,Annual,Annual average rate of change,All-items HICP,"European Union (EU6-1958, EU9-1973, EU10-1981, EU12-1986, EU15-1995, EU25-2004, EU27-2007, EU28-2013, EU27-2020)",2007,2.3,,
ESTAT:PRC_HICP_AIND(1.0),06/02/26 23:00:00,Annual,Annual average rate of change,All-items HICP,"European Union (EU6-1958, EU9-1973, EU10-1981, EU12-1986, EU15-1995, EU25-2004, EU27-2007, EU28-2013, EU27-2020)",2008,3.7,,
ESTAT:PRC_HICP_AIND(1.0),06/02/26 23:00:00,Annual,Annual average rate of change,All-items HICP,"European Union (EU6-1958, EU9-1973, EU10-1981, EU12-1986, EU15-1995, EU25-2004, EU27-2007, EU28-2013, EU27-2020)",2009,1.0,,
ESTAT:PRC_HICP_AIND(1.0),06/02/26 23:00:00,Annual,Annual average rate of change,All-items HICP,"European Union (EU6-1958, EU9-1973, EU10-1981, EU12-1986, EU15-1995, EU25-2004, EU27-2007, EU28-2013, EU27-2020)",2010,2.1,,
ESTAT:PRC_HICP_AIND(1.0),06/02/26 23:00:00,Annual,Annual average rate of change,All-items HICP,"European Union (EU6-1958, EU9-1973, EU10-1981, EU12-1986, EU15-1995, EU25-2004, EU27-2007, EU28-2013, EU27-2020)",2011,3.1,,
ESTAT:PRC_HICP_AIND(1.0),06/02/26 23:00:00,Annual,Annual average rate of change,All-items HICP,"European Union (EU6-1958, EU9-1973, EU10-1981, EU12-1986, EU15-1995, EU25-2004, EU27-2007, EU28-2013, EU27-2020)",2012,2.6,,
ESTAT:PRC_HICP_AIND(1.0),06/02/26 23:00:00,Annual,Annual average rate of change,All-items HICP,"European Union (EU6-1958, EU9-1973, EU10-1981, EU12-1986, EU15-1995, EU25-2004, EU27-2007, EU28-2013, EU27-2020)",2013,1.5,,
ESTAT:PRC_HICP_AIND(1.0),06/02/26 23:00:00,Annual,Annual average rate of change,All-items HICP,"European Union (EU6-1958, EU9-1973, EU10-1981, EU12-1986, EU15-1995, EU25-2004, EU27-2007, EU28-2013, EU27-2020)",2014,0.6,,
ESTAT:PRC_HICP_AIND(1.0),06/02/26 23:00:00,Annual,Annual average rate of change,All-items HICP,"European Union (EU6-1958, EU9-1973, EU10-1981, EU12-1986, EU15-1995, EU25-2004, EU27-2007, EU28-2013, EU27-2020)",2015,0.1,,
ESTAT:PRC_HICP_AIND(1.0),06/02/26 23:00:00,Annual,Annual average rate of change,All-items HICP,"European Union (EU6-1958, EU9-1973, EU10-1981, EU12-1986, EU15-1995, EU25-2004, EU27-2007, EU28-2013, EU27-2020)",2016,0.2,,
ESTAT:PRC_HICP_AIND(1.0),06/02/26 23:00:00,Annual,Annual average rate of change,All-items HICP,"European Union (EU6-1958, EU9-1973, EU10-1981, EU12-1986, EU15-1995, EU25-2004, EU27-2007, EU28-2013, EU27-2020)",2017,1.7,,
ESTAT:PRC_HICP_AIND(1.0),06/02/26 23:00:00,Annual,Annual average rate of change,All-items HICP,"European Union (EU6-1958, EU9-1973, EU10-1981, EU12-1986, EU15-1995, EU25-2004, EU27-2007, EU28-2013, EU27-2020)",2018,1.9,,
ESTAT:PRC_HICP_AIND(1.0),06/02/26 23:00:00,Annual,Annual average rate of change,All-items HICP,"European Union (EU6-1958, EU9-1973, EU10-1981, EU12-1986, EU15-1995, EU25-2004, EU27-2007, EU28-2013, EU27-2020)",2019,1.5,,
ESTAT:PRC_HICP_AIND(1.0),06/02/26 23:00:00,Annual,Annual average rate of change,All-items HICP,"European Union (EU6-1958, EU9-1973, EU10-1981, EU12-1986, EU15-1995, EU25-2004, EU27-2007, EU28-2013, EU27-2020)",2020,0.7,,
ESTAT:PRC_HICP_AIND(1.0),06/02/26 23:00:00,Annual,Annual average rate of change,All-items HICP,"European Union (EU6-1958, EU9-1973, EU10-1981, EU12-1986, EU15-1995, EU25-2004, EU27-2007, EU28-2013, EU27-2020)",2021,2.9,,
ESTAT:PRC_HICP_AIND(1.0),06/02/26 23:00:00,Annual,Annual average rate of change,All-items HICP,"European Union (EU6-1958, EU9-1973, EU10-1981, EU12-1986, EU15-1995, EU25-2004, EU27-2007, EU28-2013, EU27-2020)",2022,9.2,,
ESTAT:PRC_HICP_AIND(1.0),06/02/26 23:00:00,Annual,Annual average rate of change,All-items HICP,"European Union (EU6-1958, EU9-1973, EU10-1981, EU12-1986, EU15-1995, EU25-2004, EU27-2007, EU28-2013, EU27-2020)",2023,6.4,,
ESTAT:PRC_HICP_AIND(1.0),06/02/26 23:00:00,Annual,Annual average rate of change,All-items HICP,"European Union (EU6-1958, EU9-1973, EU10-1981, EU12-1986, EU15-1995, EU25-2004, EU27-2007, EU28-2013, EU27-2020)",2024,2.6,,
ESTAT:PRC_HICP_AIND(1.0),06/02/26 23:00:00,Annual,Annual average rate of change,All-items HICP,"European Union (EU6-1958, EU9-1973, EU10-1981, EU12-1986, EU15-1995, EU25-2004, EU27-2007, EU28-2013, EU27-2020)",2025,2.5,,
ESTAT:PRC_HICP_AIND(1.0),06/02/26 23:00:00,Annual,Annual average rate of change,All-items HICP,Poland,1997,15.0,d,
ESTAT:PRC_HICP_AIND(1.0),06/02/26 23:00:00,Annual,Annual average rate of change,All-items HICP,Poland,1998,11.8,d,
ESTAT:PRC_HICP_AIND(1.0),06/02/26 23:00:00,Annual,Annual average rate of change,All-items HICP,Poland,1999,7.2,d,
ESTAT:PRC_HICP_AIND(1.0),06/02/26 23:00:00,Annual,Annual average rate of change,All-items HICP,Poland,2000,10.1,,
ESTAT:PRC_HICP_AIND(1.0),06/02/26 23:00:00,Annual,Annual average rate of change,All-items HICP,Poland,2001,5.3,,
ESTAT:PRC_HICP_AIND(1.0),06/02/26 23:00:00,Annual,Annual average rate of change,All-items HICP,Poland,2002,1.9,,
ESTAT:PRC_HICP_AIND(1.0),06/02/26 23:00:00,Annual,Annual average rate of change,All-items HICP,Poland,2003,0.7,,
ESTAT:PRC_HICP_AIND(1.0),06/02/26 23:00:00,Annual,Annual average rate of change,All-items HICP,Poland,2004,3.6,,
ESTAT:PRC_HICP_AIND(1.0),06/02/26 23:00:00,Annual,Annual average rate of change,All-items HICP,Poland,2005,2.2,,
ESTAT:PRC_HICP_AIND(1.0),06/02/26 23:00:00,Annual,Annual average rate of change,All-items HICP,Poland,2006,1.3,,
ESTAT:PRC_HICP_AIND(1.0),06/02/26 23:00:00,Annual,Annual average rate of change,All-items HICP,Poland,2007,2.6,,
ESTAT:PRC_HICP_AIND(1.0),06/02/26 23:00:00,Annual,Annual average rate of change,All-items HICP,Poland,2008,4.2,,
ESTAT:PRC_HICP_AIND(1.0),06/02/26 23:00:00,Annual,Annual average rate of change,All-items HICP,Poland,2009,4.0,,
ESTAT:PRC_HICP_AIND(1.0),06/02/26 23:00:00,Annual,Annual average rate of change,All-items HICP,Poland,2010,2.6,,
ESTAT:PRC_HICP_AIND(1.0),06/02/26 23:00:00,Annual,Annual average rate of change,All-items HICP,Poland,2011,3.9,,
ESTAT:PRC_HICP_AIND(1.0),06/02/26 23:00:00,Annual,Annual average rate of change,All-items HICP,Poland,2012,3.7,,
ESTAT:PRC_HICP_AIND(1.0),06/02/26 23:00:00,Annual,Annual average rate of change,All-items HICP,Poland,2013,0.8,,
ESTAT:PRC_HICP_AIND(1.0),06/02/26 23:00:00,Annual,Annual average rate of change,All-items HICP,Poland,2014,0.1,,
ESTAT:PRC_HICP_AIND(1.0),06/02/26 23:00:00,Annual,Annual average rate of change,All-items HICP,Poland,2015,-0.7,,
ESTAT:PRC_HICP_AIND(1.0),06/02/26 23:00:00,Annual,Annual average rate of change,All-items HICP,Poland,2016,-0.2,,
ESTAT:PRC_HICP_AIND(1.0),06/02/26 23:00:00,Annual,Annual average rate of change,All-items HICP,Poland,2017,1.6,,
ESTAT:PRC_HICP_AIND(1.0),06/02/26 23:00:00,Annual,Annual average rate of change,All-items HICP,Poland,2018,1.2,,
ESTAT:PRC_HICP_AIND(1.0),06/02/26 23:00:00,Annual,Annual average rate of change,All-items HICP,Poland,2019,2.1,,
ESTAT:PRC_HICP_AIND(1.0),06/02/26 23:00:00,Annual,Annual average rate of change,All-items HICP,Poland,2020,3.7,,
ESTAT:PRC_HICP_AIND(1.0),06/02/26 23:00:00,Annual,Annual average rate of change,All-items HICP,Poland,2021,5.2,,
ESTAT:PRC_HICP_AIND(1.0),06/02/26 23:00:00,Annual,Annual average rate of change,All-items HICP,Poland,2022,13.2,,
ESTAT:PRC_HICP_AIND(1.0),06/02/26 23:00:00,Annual,Annual average rate of change,All-items HICP,Poland,2023,10.9,,
ESTAT:PRC_HICP_AIND(1.0),06/02/26 23:00:00,Annual,Annual average rate of change,All-items HICP,Poland,2024,3.7,,
ESTAT:PRC_HICP_AIND(1.0),06/02/26 23:00:00,Annual,Annual average rate of change,All-items HICP,Poland,2025,3.3,,
ESTAT:PRC_HICP_AIND(1.0),06/02/26 23:00:00,Annual,Annual average rate of change,Restaurants and hotels,"European Union (EU6-1958, EU9-1973, EU10-1981, EU12-1986, EU15-1995, EU25-2004, EU27-2007, EU28-2013, EU27-2020)",1997,2.5,,
ESTAT:PRC_HICP_AIND(1.0),06/02/26 23:00:00,Annual,Annual average rate of change,Restaurants and hotels,"European Union (EU6-1958, EU9-1973, EU10-1981, EU12-1986, EU15-1995, EU25-2004, EU27-2007, EU28-2013, EU27-2020)",1998,2.7,,
ESTAT:PRC_HICP_AIND(1.0),06/02/26 23:00:00,Annual,Annual average rate of change,Restaurants and hotels,"European Union (EU6-1958, EU9-1973, EU10-1981, EU12-1986, EU15-1995, EU25-2004, EU27-2007, EU28-2013, EU27-2020)",1999,2.6,,
ESTAT:PRC_HICP_AIND(1.0),06/02/26 23:00:00,Annual,Annual average rate of change,Restaurants and hotels,"European Union (EU6-1958, EU9-1973, EU10-1981, EU12-1986, EU15-1995, EU25-2004, EU27-2007, EU28-2013, EU27-2020)",2000,2.9,,
ESTAT:PRC_HICP_AIND(1.0),06/02/26 23:00:00,Annual,Annual average rate of change,Restaurants and hotels,"European Union (EU6-1958, EU9-1973, EU10-1981, EU12-1986, EU15-1995, EU25-2004, EU27-2007, EU28-2013, EU27-2020)",2001,3.6,,
ESTAT:PRC_HICP_AIND(1.0),06/02/26 23:00:00,Annual,Annual average rate of change,Restaurants and hotels,"European Union (EU6-1958, EU9-1973, EU10-1981, EU12-1986, EU15-1995, EU25-2004, EU27-2007, EU28-2013, EU27-2020)",2002,4.3,,
ESTAT:PRC_HICP_AIND(1.0),06/02/26 23:00:00,Annual,Annual average rate of change,Restaurants and hotels,"European Union (EU6-1958, EU9-1973, EU10-1981, EU12-1986, EU15-1995, EU25-2004, EU27-2007, EU28-2013, EU27-2020)",2003,3.2,,
ESTAT:PRC_HICP_AIND(1.0),06/02/26 23:00:00,Annual,Annual average rate of change,Restaurants and hotels,"European Union (EU6-1958, EU9-1973, EU10-1981, EU12-1986, EU15-1995, EU25-2004, EU27-2007, EU28-2013, EU27-2020)",2004,2.9,,
ESTAT:PRC_HICP_AIND(1.0),06/02/26 23:00:00,Annual,Annual average rate of change,Restaurants and hotels,"European Union (EU6-1958, EU9-1973, EU10-1981, EU12-1986, EU15-1995, EU25-2004, EU27-2007, EU28-2013, EU27-2020)",2005,2.8,,
ESTAT:PRC_HICP_AIND(1.0),06/02/26 23:00:00,Annual,Annual average rate of change,Restaurants and hotels,"European Union (EU6-1958, EU9-1973, EU10-1981, EU12-1986, EU15-1995, EU25-2004, EU27-2007, EU28-2013, EU27-2020)",2006,2.8,,
ESTAT:PRC_HICP_AIND(1.0),06/02/26 23:00:00,Annual,Annual average rate of change,Restaurants and hotels,"European Union (EU6-1958, EU9-1973, EU10-1981, EU12-1986, EU15-1995, EU25-2004, EU27-2007, EU28-2013, EU27-2020)",2007,3.4,,
ESTAT:PRC_HICP_AIND(1.0),06/02/26 23:00:00,Annual,Annual average rate of change,Restaurants and hotels,"European Union (EU6-1958, EU9-1973, EU10-1981, EU12-1986, EU15-1995, EU25-2004, EU27-2007, EU28-2013, EU27-2020)",2008,3.9,,
ESTAT:PRC_HICP_AIND(1.0),06/02/26 23:00:00,Annual,Annual average rate of change,Restaurants and hotels,"European Union (EU6-1958, EU9-1973, EU10-1981, EU12-1986, EU15-1995, EU25-2004, EU27-2007, EU28-2013, EU27-2020)",2009,2.2,,
ESTAT:PRC_HICP_AIND(1.0),06/02/26 23:00:00,Annual,Annual average rate of change,Restaurants and hotels,"European Union (EU6-1958, EU9-1973, EU10-1981, EU12-1986, EU15-1995, EU25-2004, EU27-2007, EU28-2013, EU27-2020)",2010,1.6,,
ESTAT:PRC_HICP_AIND(1.0),06/02/26 23:00:00,Annual,Annual average rate of change,Restaurants and hotels,"European Union (EU6-1958, EU9-1973, EU10-1981, EU12-1986, EU15-1995, EU25-2004, EU27-2007, EU28-2013, EU27-2020)",2011,2.4,,
ESTAT:PRC_HICP_AIND(1.0),06/02/26 23:00:00,Annual,Annual average rate of change,Restaurants and hotels,"European Union (EU6-1958, EU9-1973, EU10-1981, EU12-1986, EU15-1995, EU25-2004, EU27-2007, EU28-2013, EU27-2020)",2012,2.2,,
ESTAT:PRC_HICP_AIND(1.0),06/02/26 23:00:00,Annual,Annual average rate of change,Restaurants and hotels,"European Union (EU6-1958, EU9-1973, EU10-1981, EU12-1986, EU15-1995, EU25-2004, EU27-2007, EU28-2013, EU27-2020)",2013,2.3,,
ESTAT:PRC_HICP_AIND(1.0),06/02/26 23:00:00,Annual,Annual average rate of change,Restaurants and hotels,"European Union (EU6-1958, EU9-1973, EU10-1981, EU12-1986, EU15-1995, EU25-2004, EU27-2007, EU28-2013, EU27-2020)",2014,1.7,,
ESTAT:PRC_HICP_AIND(1.0),06/02/26 23:00:00,Annual,Annual average rate of change,Restaurants and hotels,"European Union (EU6-1958, EU9-1973, EU10-1981, EU12-1986, EU15-1995, EU25-2004, EU27-2007, EU28-2013, EU27-2020)",2015,1.7,,
ESTAT:PRC_HICP_AIND(1.0),06/02/26 23:00:00,Annual,Annual average rate of change,Restaurants and hotels,"European Union (EU6-1958, EU9-1973, EU10-1981, EU12-1986, EU15-1995, EU25-2004, EU27-2007, EU28-2013, EU27-2020)",2016,1.8,,
ESTAT:PRC_HICP_AIND(1.0),06/02/26 23:00:00,Annual,Annual average rate of change,Restaurants and hotels,"European Union (EU6-1958, EU9-1973, EU10-1981, EU12-1986, EU15-1995, EU25-2004, EU27-2007, EU28-2013, EU27-2020)",2017,2.5,,
ESTAT:PRC_HICP_AIND(1.0),06/02/26 23:00:00,Annual,Annual average rate of change,Restaurants and hotels,"European Union (EU6-1958, EU9-1973, EU10-1981, EU12-1986, EU15-1995, EU25-2004, EU27-2007, EU28-2013, EU27-2020)",2018,2.3,,
ESTAT:PRC_HICP_AIND(1.0),06/02/26 23:00:00,Annual,Annual average rate of change,Restaurants and hotels,"European Union (EU6-1958, EU9-1973, EU10-1981, EU12-1986, EU15-1995, EU25-2004, EU27-2007, EU28-2013, EU27-2020)",2019,2.3,,
ESTAT:PRC_HICP_AIND(1.0),06/02/26 23:00:00,Annual,Annual average rate of change,Restaurants and hotels,"European Union (EU6-1958, EU9-1973, EU10-1981, EU12-1986, EU15-1995, EU25-2004, EU27-2007, EU28-2013, EU27-2020)",2020,1.6,,
ESTAT:PRC_HICP_AIND(1.0),06/02/26 23:00:00,Annual,Annual average rate of change,Restaurants and hotels,"European Union (EU6-1958, EU9-1973, EU10-1981, EU12-1986, EU15-1995, EU25-2004, EU27-2007, EU28-2013, EU27-2020)",2021,2.0,,
ESTAT:PRC_HICP_AIND(1.0),06/02/26 23:00:00,Annual,Annual average rate of change,Restaurants and hotels,"European Union (EU6-1958, EU9-1973, EU10-1981, EU12-1986, EU15-1995, EU25-2004, EU27-2007, EU28-2013, EU27-2020)",2022,8.1,,
ESTAT:PRC_HICP_AIND(1.0),06/02/26 23:00:00,Annual,Annual average rate of change,Restaurants and hotels,"European Union (EU6-1958, EU9-1973, EU10-1981, EU12-1986, EU15-1995, EU25-2004, EU27-2007, EU28-2013, EU27-2020)",2023,8.4,,
ESTAT:PRC_HICP_AIND(1.0),06/02/26 23:00:00,Annual,Annual average rate of change,Restaurants and hotels,"European Union (EU6-1958, EU9-1973, EU10-1981, EU12-1986, EU15-1995, EU25-2004, EU27-2007, EU28-2013, EU27-2020)",2024,5.2,,
ESTAT:PRC_HICP_AIND(1.0),06/02/26 23:00:00,Annual,Annual average rate of change,Restaurants and hotels,"European Union (EU6-1958, EU9-1973, EU10-1981, EU12-1986, EU15-1995, EU25-2004, EU27-2007, EU28-2013, EU27-2020)",2025,4.0,,
ESTAT:PRC_HICP_AIND(1.0),06/02/26 23:00:00,Annual,Annual average rate of change,Restaurants and hotels,Poland,1997,18.3,d,
ESTAT:PRC_HICP_AIND(1.0),06/02/26 23:00:00,Annual,Annual average rate of change,Restaurants and hotels,Poland,1998,15.4,d,
ESTAT:PRC_HICP_AIND(1.0),06/02/26 23:00:00,Annual,Annual average rate of change,Restaurants and hotels,Poland,1999,8.3,d,
ESTAT:PRC_HICP_AIND(1.0),06/02/26 23:00:00,Annual,Annual average rate of change,Restaurants and hotels,Poland,2000,8.3,,
ESTAT:PRC_HICP_AIND(1.0),06/02/26 23:00:00,Annual,Annual average rate of change,Restaurants and hotels,Poland,2001,6.1,,
ESTAT:PRC_HICP_AIND(1.0),06/02/26 23:00:00,Annual,Annual average rate of change,Restaurants and hotels,Poland,2002,2.9,,
ESTAT:PRC_HICP_AIND(1.0),06/02/26 23:00:00,Annual,Annual average rate of change,Restaurants and hotels,Poland,2003,1.1,,
ESTAT:PRC_HICP_AIND(1.0),06/02/26 23:00:00,Annual,Annual average rate of change,Restaurants and hotels,Poland,2004,2.6,,
ESTAT:PRC_HICP_AIND(1.0),06/02/26 23:00:00,Annual,Annual average rate of change,Restaurants and hotels,Poland,2005,3.5,,
ESTAT:PRC_HICP_AIND(1.0),06/02/26 23:00:00,Annual,Annual average rate of change,Restaurants and hotels,Poland,2006,1.8,,
ESTAT:PRC_HICP_AIND(1.0),06/02/26 23:00:00,Annual,Annual average rate of change,Restaurants and hotels,Poland,2007,3.4,,
ESTAT:PRC_HICP_AIND(1.0),06/02/26 23:00:00,Annual,Annual average rate of change,Restaurants and hotels,Poland,2008,6.0,,
ESTAT:PRC_HICP_AIND(1.0),06/02/26 23:00:00,Annual,Annual average rate of change,Restaurants and hotels,Poland,2009,5.0,,
ESTAT:PRC_HICP_AIND(1.0),06/02/26 23:00:00,Annual,Annual average rate of change,Restaurants and hotels,Poland,2010,3.1,,
ESTAT:PRC_HICP_AIND(1.0),06/02/26 23:00:00,Annual,Annual average rate of change,Restaurants and hotels,Poland,2011,4.0,,
ESTAT:PRC_HICP_AIND(1.0),06/02/26 23:00:00,Annual,Annual average rate of change,Restaurants and hotels,Poland,2012,2.9,,
ESTAT:PRC_HICP_AIND(1.0),06/02/26 23:00:00,Annual,Annual average rate of change,Restaurants and hotels,Poland,2013,2.0,,
ESTAT:PRC_HICP_AIND(1.0),06/02/26 23:00:00,Annual,Annual average rate of change,Restaurants and hotels,Poland,2014,1.8,,
ESTAT:PRC_HICP_AIND(1.0),06/02/26 23:00:00,Annual,Annual average rate of change,Restaurants and hotels,Poland,2015,1.9,,
ESTAT:PRC_HICP_AIND(1.0),06/02/26 23:00:00,Annual,Annual average rate of change,Restaurants and hotels,Poland,2016,1.4,,
ESTAT:PRC_HICP_AIND(1.0),06/02/26 23:00:00,Annual,Annual average rate of change,Restaurants and hotels,Poland,2017,1.9,,
ESTAT:PRC_HICP_AIND(1.0),06/02/26 23:00:00,Annual,Annual average rate of change,Restaurants and hotels,Poland,2018,3.0,,
ESTAT:PRC_HICP_AIND(1.0),06/02/26 23:00:00,Annual,Annual average rate of change,Restaurants and hotels,Poland,2019,4.5,,
ESTAT:PRC_HICP_AIND(1.0),06/02/26 23:00:00,Annual,Annual average rate of change,Restaurants and hotels,Poland,2020,6.3,,
ESTAT:PRC_HICP_AIND(1.0),06/02/26 23:00:00,Annual,Annual average rate of change,Restaurants and hotels,Poland,2021,6.7,,
ESTAT:PRC_HICP_AIND(1.0),06/02/26 23:00:00,Annual,Annual average rate of change,Restaurants and hotels,Poland,2022,16.2,,
ESTAT:PRC_HICP_AIND(1.0),06/02/26 23:00:00,Annual,Annual average rate of change,Restaurants and hotels,Poland,2023,14.6,,
ESTAT:PRC_HICP_AIND(1.0),06/02/26 23:00:00,Annual,Annual average rate of change,Restaurants and hotels,Poland,2024,7.6,,
ESTAT:PRC_HICP_AIND(1.0),06/02/26 23:00:00,Annual,Annual average rate of change,Restaurants and hotels,Poland,2025,5.5,,
ESTAT:PRC_HICP_AIND(1.0),06/02/26 23:00:00,Annual,Annual average rate of change,Accommodation services,"European Union (EU6-1958, EU9-1973, EU10-1981, EU12-1986, EU15-1995, EU25-2004, EU27-2007, EU28-2013, EU27-2020)",1997,2.8,,
ESTAT:PRC_HICP_AIND(1.0),06/02/26 23:00:00,Annual,Annual average rate of change,Accommodation services,"European Union (EU6-1958, EU9-1973, EU10-1981, EU12-1986, EU15-1995, EU25-2004, EU27-2007, EU28-2013, EU27-2020)",1998,3.5,,
ESTAT:PRC_HICP_AIND(1.0),06/02/26 23:00:00,Annual,Annual average rate of change,Accommodation services,"European Union (EU6-1958, EU9-1973, EU10-1981, EU12-1986, EU15-1995, EU25-2004, EU27-2007, EU28-2013, EU27-2020)",1999,3.0,,
ESTAT:PRC_HICP_AIND(1.0),06/02/26 23:00:00,Annual,Annual average rate of change,Accommodation services,"European Union (EU6-1958, EU9-1973, EU10-1981, EU12-1986, EU15-1995, EU25-2004, EU27-2007, EU28-2013, EU27-2020)",2000,4.5,,
ESTAT:PRC_HICP_AIND(1.0),06/02/26 23:00:00,Annual,Annual average rate of change,Accommodation services,"European Union (EU6-1958, EU9-1973, EU10-1981, EU12-1986, EU15-1995, EU25-2004, EU27-2007, EU28-2013, EU27-2020)",2001,4.8,,
ESTAT:PRC_HICP_AIND(1.0),06/02/26 23:00:00,Annual,Annual average rate of change,Accommodation services,"European Union (EU6-1958, EU9-1973, EU10-1981, EU12-1986, EU15-1995, EU25-2004, EU27-2007, EU28-2013, EU27-2020)",2002,4.6,,
ESTAT:PRC_HICP_AIND(1.0),06/02/26 23:00:00,Annual,Annual average rate of change,Accommodation services,"European Union (EU6-1958, EU9-1973, EU10-1981, EU12-1986, EU15-1995, EU25-2004, EU27-2007, EU28-2013, EU27-2020)",2003,3.4,,
ESTAT:PRC_HICP_AIND(1.0),06/02/26 23:00:00,Annual,Annual average rate of change,Accommodation services,"European Union (EU6-1958, EU9-1973, EU10-1981, EU12-1986, EU15-1995, EU25-2004, EU27-2007, EU28-2013, EU27-2020)",2004,3.1,,
ESTAT:PRC_HICP_AIND(1.0),06/02/26 23:00:00,Annual,Annual average rate of change,Accommodation services,"European Union (EU6-1958, EU9-1973, EU10-1981, EU12-1986, EU15-1995, EU25-2004, EU27-2007, EU28-2013, EU27-2020)",2005,2.7,,
ESTAT:PRC_HICP_AIND(1.0),06/02/26 23:00:00,Annual,Annual average rate of change,Accommodation services,"European Union (EU6-1958, EU9-1973, EU10-1981, EU12-1986, EU15-1995, EU25-2004, EU27-2007, EU28-2013, EU27-2020)",2006,2.8,,
ESTAT:PRC_HICP_AIND(1.0),06/02/26 23:00:00,Annual,Annual average rate of change,Accommodation services,"European Union (EU6-1958, EU9-1973, EU10-1981, EU12-1986, EU15-1995, EU25-2004, EU27-2007, EU28-2013, EU27-2020)",2007,2.9,,
ESTAT:PRC_HICP_AIND(1.0),06/02/26 23:00:00,Annual,Annual average rate of change,Accommodation services,"European Union (EU6-1958, EU9-1973, EU10-1981, EU12-1986, EU15-1995, EU25-2004, EU27-2007, EU28-2013, EU27-2020)",2008,2.3,,
ESTAT:PRC_HICP_AIND(1.0),06/02/26 23:00:00,Annual,Annual average rate of change,Accommodation services,"European Union (EU6-1958, EU9-1973, EU10-1981, EU12-1986, EU15-1995, EU25-2004, EU27-2007, EU28-2013, EU27-2020)",2009,0.2,,
ESTAT:PRC_HICP_AIND(1.0),06/02/26 23:00:00,Annual,Annual average rate of change,Accommodation services,"European Union (EU6-1958, EU9-1973, EU10-1981, EU12-1986, EU15-1995, EU25-2004, EU27-2007, EU28-2013, EU27-2020)",2010,0.3,,
ESTAT:PRC_HICP_AIND(1.0),06/02/26 23:00:00,Annual,Annual average rate of change,Accommodation services,"European Union (EU6-1958, EU9-1973, EU10-1981, EU12-1986, EU15-1995, EU25-2004, EU27-2007, EU28-2013, EU27-2020)",2011,1.9,,
ESTAT:PRC_HICP_AIND(1.0),06/02/26 23:00:00,Annual,Annual average rate of change,Accommodation services,"European Union (EU6-1958, EU9-1973, EU10-1981, EU12-1986, EU15-1995, EU25-2004, EU27-2007, EU28-2013, EU27-2020)",2012,1.0,,
ESTAT:PRC_HICP_AIND(1.0),06/02/26 23:00:00,Annual,Annual average rate of change,Accommodation services,"European Union (EU6-1958, EU9-1973, EU10-1981, EU12-1986, EU15-1995, EU25-2004, EU27-2007, EU28-2013, EU27-2020)",2013,4.0,,
ESTAT:PRC_HICP_AIND(1.0),06/02/26 23:00:00,Annual,Annual average rate of change,Accommodation services,"European Union (EU6-1958, EU9-1973, EU10-1981, EU12-1986, EU15-1995, EU25-2004, EU27-2007, EU28-2013, EU27-2020)",2014,1.6,,
ESTAT:PRC_HICP_AIND(1.0),06/02/26 23:00:00,Annual,Annual average rate of change,Accommodation services,"European Union (EU6-1958, EU9-1973, EU10-1981, EU12-1986, EU15-1995, EU25-2004, EU27-2007, EU28-2013, EU27-2020)",2015,2.5,,
ESTAT:PRC_HICP_AIND(1.0),06/02/26 23:00:00,Annual,Annual average rate of change,Accommodation services,"European Union (EU6-1958, EU9-1973, EU10-1981, EU12-1986, EU15-1995, EU25-2004, EU27-2007, EU28-2013, EU27-2020)",2016,2.1,,
ESTAT:PRC_HICP_AIND(1.0),06/02/26 23:00:00,Annual,Annual average rate of change,Accommodation services,"European Union (EU6-1958, EU9-1973, EU10-1981, EU12-1986, EU15-1995, EU25-2004, EU27-2007, EU28-2013, EU27-2020)",2017,3.7,,
ESTAT:PRC_HICP_AIND(1.0),06/02/26 23:00:00,Annual,Annual average rate of change,Accommodation services,"European Union (EU6-1958, EU9-1973, EU10-1981, EU12-1986, EU15-1995, EU25-2004, EU27-2007, EU28-2013, EU27-2020)",2018,3.0,,
ESTAT:PRC_HICP_AIND(1.0),06/02/26 23:00:00,Annual,Annual average rate of change,Accommodation services,"European Union (EU6-1958, EU9-1973, EU10-1981, EU12-1986, EU15-1995, EU25-2004, EU27-2007, EU28-2013, EU27-2020)",2019,2.2,,
ESTAT:PRC_HICP_AIND(1.0),06/02/26 23:00:00,Annual,Annual average rate of change,Accommodation services,"European Union (EU6-1958, EU9-1973, EU10-1981, EU12-1986, EU15-1995, EU25-2004, EU27-2007, EU28-2013, EU27-2020)",2020,-0.8,,
ESTAT:PRC_HICP_AIND(1.0),06/02/26 23:00:00,Annual,Annual average rate of change,Accommodation services,"European Union (EU6-1958, EU9-1973, EU10-1981, EU12-1986, EU15-1995, EU25-2004, EU27-2007, EU28-2013, EU27-2020)",2021,1.6,,
ESTAT:PRC_HICP_AIND(1.0),06/02/26 23:00:00,Annual,Annual average rate of change,Accommodation services,"European Union (EU6-1958, EU9-1973, EU10-1981, EU12-1986, EU15-1995, EU25-2004, EU27-2007, EU28-2013, EU27-2020)",2022,12.6,,
ESTAT:PRC_HICP_AIND(1.0),06/02/26 23:00:00,Annual,Annual average rate of change,Accommodation services,"European Union (EU6-1958, EU9-1973, EU10-1981, EU12-1986, EU15-1995, EU25-2004, EU27-2007, EU28-2013, EU27-2020)",2023,9.3,,
ESTAT:PRC_HICP_AIND(1.0),06/02/26 23:00:00,Annual,Annual average rate of change,Accommodation services,"European Union (EU6-1958, EU9-1973, EU10-1981, EU12-1986, EU15-1995, EU25-2004, EU27-2007, EU28-2013, EU27-2020)",2024,5.3,,
ESTAT:PRC_HICP_AIND(1.0),06/02/26 23:00:00,Annual,Annual average rate of change,Accommodation services,"European Union (EU6-1958, EU9-1973, EU10-1981, EU12-1986, EU15-1995, EU25-2004, EU27-2007, EU28-2013, EU27-2020)",2025,4.1,,
ESTAT:PRC_HICP_AIND(1.0),06/02/26 23:00:00,Annual,Annual average rate of change,Accommodation services,Poland,1997,18.4,d,
ESTAT:PRC_HICP_AIND(1.0),06/02/26 23:00:00,Annual,Annual average rate of change,Accommodation services,Poland,1998,19.9,d,
ESTAT:PRC_HICP_AIND(1.0),06/02/26 23:00:00,Annual,Annual average rate of change,Accommodation services,Poland,1999,17.2,d,
ESTAT:PRC_HICP_AIND(1.0),06/02/26 23:00:00,Annual,Annual average rate of change,Accommodation services,Poland,2000,11.3,,
ESTAT:PRC_HICP_AIND(1.0),06/02/26 23:00:00,Annual,Annual average rate of change,Accommodation services,Poland,2001,6.6,,
ESTAT:PRC_HICP_AIND(1.0),06/02/26 23:00:00,Annual,Annual average rate of change,Accommodation services,Poland,2002,2.1,,
ESTAT:PRC_HICP_AIND(1.0),06/02/26 23:00:00,Annual,Annual average rate of change,Accommodation services,Poland,2003,1.2,,
ESTAT:PRC_HICP_AIND(1.0),06/02/26 23:00:00,Annual,Annual average rate of change,Accommodation services,Poland,2004,2.0,,
ESTAT:PRC_HICP_AIND(1.0),06/02/26 23:00:00,Annual,Annual average rate of change,Accommodation services,Poland,2005,3.4,,
ESTAT:PRC_HICP_AIND(1.0),06/02/26 23:00:00,Annual,Annual average rate of change,Accommodation services,Poland,2006,1.7,,
ESTAT:PRC_HICP_AIND(1.0),06/02/26 23:00:00,Annual,Annual average rate of change,Accommodation services,Poland,2007,3.1,,
ESTAT:PRC_HICP_AIND(1.0),06/02/26 23:00:00,Annual,Annual average rate of change,Accommodation services,Poland,2008,5.3,,
ESTAT:PRC_HICP_AIND(1.0),06/02/26 23:00:00,Annual,Annual average rate of change,Accommodation services,Poland,2009,4.6,,
ESTAT:PRC_HICP_AIND(1.0),06/02/26 23:00:00,Annual,Annual average rate of change,Accommodation services,Poland,2010,2.7,,
ESTAT:PRC_HICP_AIND(1.0),06/02/26 23:00:00,Annual,Annual average rate of change,Accommodation services,Poland,2011,3.2,,
ESTAT:PRC_HICP_AIND(1.0),06/02/26 23:00:00,Annual,Annual average rate of change,Accommodation services,Poland,2012,2.6,,
ESTAT:PRC_HICP_AIND(1.0),06/02/26 23:00:00,Annual,Annual average rate of change,Accommodation services,Poland,2013,1.6,,
ESTAT:PRC_HICP_AIND(1.0),06/02/26 23:00:00,Annual,Annual average rate of change,Accommodation services,Poland,2014,2.5,,
ESTAT:PRC_HICP_AIND(1.0),06/02/26 23:00:00,Annual,Annual average rate of change,Accommodation services,Poland,2015,3.6,,
ESTAT:PRC_HICP_AIND(1.0),06/02/26 23:00:00,Annual,Annual average rate of change,Accommodation services,Poland,2016,2.0,,
ESTAT:PRC_HICP_AIND(1.0),06/02/26 23:00:00,Annual,Annual average rate of change,Accommodation services,Poland,2017,1.7,,
ESTAT:PRC_HICP_AIND(1.0),06/02/26 23:00:00,Annual,Annual average rate of change,Accommodation services,Poland,2018,1.8,,
ESTAT:PRC_HICP_AIND(1.0),06/02/26 23:00:00,Annual,Annual average rate of change,Accommodation services,Poland,2019,2.1,,
ESTAT:PRC_HICP_AIND(1.0),06/02/26 23:00:00,Annual,Annual average rate of change,Accommodation services,Poland,2020,1.6,,
ESTAT:PRC_HICP_AIND(1.0),06/02/26 23:00:00,Annual,Annual average rate of change,Accommodation services,Poland,2021,4.1,,
ESTAT:PRC_HICP_AIND(1.0),06/02/26 23:00:00,Annual,Annual average rate of change,Accommodation services,Poland,2022,15.7,,
ESTAT:PRC_HICP_AIND(1.0),06/02/26 23:00:00,Annual,Annual average rate of change,Accommodation services,Poland,2023,13.9,,
ESTAT:PRC_HICP_AIND(1.0),06/02/26 23:00:00,Annual,Annual average rate of change,Accommodation services,Poland,2024,6.5,,
ESTAT:PRC_HICP_AIND(1.0),06/02/26 23:00:00,Annual,Annual average rate of change,Accommodation services,Poland,2025,5.3,,
ESTAT:PRC_HICP_AIND(1.0),06/02/26 23:00:00,Annual,Annual average rate of change,"Hotels, motels, inns and similar accommodation services","European Union (EU6-1958, EU9-1973, EU10-1981, EU12-1986, EU15-1995, EU25-2004, EU27-2007, EU28-2013, EU27-2020)",2018,2.8,,
ESTAT:PRC_HICP_AIND(1.0),06/02/26 23:00:00,Annual,Annual average rate of change,"Hotels, motels, inns and similar accommodation services","European Union (EU6-1958, EU9-1973, EU10-1981, EU12-1986, EU15-1995, EU25-2004, EU27-2007, EU28-2013, EU27-2020)",2019,2.0,,
ESTAT:PRC_HICP_AIND(1.0),06/02/26 23:00:00,Annual,Annual average rate of change,"Hotels, motels, inns and similar accommodation services","European Union (EU6-1958, EU9-1973, EU10-1981, EU12-1986, EU15-1995, EU25-2004, EU27-2007, EU28-2013, EU27-2020)",2020,-2.1,,
ESTAT:PRC_HICP_AIND(1.0),06/02/26 23:00:00,Annual,Annual average rate of change,"Hotels, motels, inns and similar accommodation services","European Union (EU6-1958, EU9-1973, EU10-1981, EU12-1986, EU15-1995, EU25-2004, EU27-2007, EU28-2013, EU27-2020)",2021,1.1,,
ESTAT:PRC_HICP_AIND(1.0),06/02/26 23:00:00,Annual,Annual average rate of change,"Hotels, motels, inns and similar accommodation services","European Union (EU6-1958, EU9-1973, EU10-1981, EU12-1986, EU15-1995, EU25-2004, EU27-2007, EU28-2013, EU27-2020)",2022,15.9,,
ESTAT:PRC_HICP_AIND(1.0),06/02/26 23:00:00,Annual,Annual average rate of change,"Hotels, motels, inns and similar accommodation services","European Union (EU6-1958, EU9-1973, EU10-1981, EU12-1986, EU15-1995, EU25-2004, EU27-2007, EU28-2013, EU27-2020)",2023,10.1,,
ESTAT:PRC_HICP_AIND(1.0),06/02/26 23:00:00,Annual,Annual average rate of change,"Hotels, motels, inns and similar accommodation services","European Union (EU6-1958, EU9-1973, EU10-1981, EU12-1986, EU15-1995, EU25-2004, EU27-2007, EU28-2013, EU27-2020)",2024,4.8,,
ESTAT:PRC_HICP_AIND(1.0),06/02/26 23:00:00,Annual,Annual average rate of change,"Hotels, motels, inns and similar accommodation services","European Union (EU6-1958, EU9-1973, EU10-1981, EU12-1986, EU15-1995, EU25-2004, EU27-2007, EU28-2013, EU27-2020)",2025,3.9,,
ESTAT:PRC_HICP_AIND(1.0),06/02/26 23:00:00,Annual,Annual average rate of change,"Hotels, motels, inns and similar accommodation services",Poland,2016,2.0,,
ESTAT:PRC_HICP_AIND(1.0),06/02/26 23:00:00,Annual,Annual average rate of change,"Hotels, motels, inns and similar accommodation services",Poland,2017,1.6,,
ESTAT:PRC_HICP_AIND(1.0),06/02/26 23:00:00,Annual,Annual average rate of change,"Hotels, motels, inns and similar accommodation services",Poland,2018,1.6,,
ESTAT:PRC_HICP_AIND(1.0),06/02/26 23:00:00,Annual,Annual average rate of change,"Hotels, motels, inns and similar accommodation services",Poland,2019,2.1,,
ESTAT:PRC_HICP_AIND(1.0),06/02/26 23:00:00,Annual,Annual average rate of change,"Hotels, motels, inns and similar accommodation services",Poland,2020,1.4,,
ESTAT:PRC_HICP_AIND(1.0),06/02/26 23:00:00,Annual,Annual average rate of change,"Hotels, motels, inns and similar accommodation services",Poland,2021,4.1,,
ESTAT:PRC_HICP_AIND(1.0),06/02/26 23:00:00,Annual,Annual average rate of change,"Hotels, motels, inns and similar accommodation services",Poland,2022,15.7,,
ESTAT:PRC_HICP_AIND(1.0),06/02/26 23:00:00,Annual,Annual average rate of change,"Hotels, motels, inns and similar accommodation services",Poland,2023,13.9,,
ESTAT:PRC_HICP_AIND(1.0),06/02/26 23:00:00,Annual,Annual average rate of change,"Hotels, motels, inns and similar accommodation services",Poland,2024,6.3,,
ESTAT:PRC_HICP_AIND(1.0),06/02/26 23:00:00,Annual,Annual average rate of change,"Hotels, motels, inns and similar accommodation services",Poland,2025,5.2,,
ESTAT:PRC_HICP_AIND(1.0),06/02/26 23:00:00,Annual,Annual average rate of change,Services related to housing,"European Union (EU6-1958, EU9-1973, EU10-1981, EU12-1986, EU15-1995, EU25-2004, EU27-2007, EU28-2013, EU27-2020)",2002,2.5,,
ESTAT:PRC_HICP_AIND(1.0),06/02/26 23:00:00,Annual,Annual average rate of change,Services related to housing,"European Union (EU6-1958, EU9-1973, EU10-1981, EU12-1986, EU15-1995, EU25-2004, EU27-2007, EU28-2013, EU27-2020)",2003,2.4,,
ESTAT:PRC_HICP_AIND(1.0),06/02/26 23:00:00,Annual,Annual average rate of change,Services related to housing,"European Union (EU6-1958, EU9-1973, EU10-1981, EU12-1986, EU15-1995, EU25-2004, EU27-2007, EU28-2013, EU27-2020)",2004,2.5,,
ESTAT:PRC_HICP_AIND(1.0),06/02/26 23:00:00,Annual,Annual average rate of change,Services related to housing,"European Union (EU6-1958, EU9-1973, EU10-1981, EU12-1986, EU15-1995, EU25-2004, EU27-2007, EU28-2013, EU27-2020)",2005,2.8,,
ESTAT:PRC_HICP_AIND(1.0),06/02/26 23:00:00,Annual,Annual average rate of change,Services related to housing,"European Union (EU6-1958, EU9-1973, EU10-1981, EU12-1986, EU15-1995, EU25-2004, EU27-2007, EU28-2013, EU27-2020)",2006,2.7,,
ESTAT:PRC_HICP_AIND(1.0),06/02/26 23:00:00,Annual,Annual average rate of change,Services related to housing,"European Union (EU6-1958, EU9-1973, EU10-1981, EU12-1986, EU15-1995, EU25-2004, EU27-2007, EU28-2013, EU27-2020)",2007,3.0,,
ESTAT:PRC_HICP_AIND(1.0),06/02/26 23:00:00,Annual,Annual average rate of change,Services related to housing,"European Union (EU6-1958, EU9-1973, EU10-1981, EU12-1986, EU15-1995, EU25-2004, EU27-2007, EU28-2013, EU27-2020)",2008,2.9,,
ESTAT:PRC_HICP_AIND(1.0),06/02/26 23:00:00,Annual,Annual average rate of change,Services related to housing,"European Union (EU6-1958, EU9-1973, EU10-1981, EU12-1986, EU15-1995, EU25-2004, EU27-2007, EU28-2013, EU27-2020)",2009,2.4,,
ESTAT:PRC_HICP_AIND(1.0),06/02/26 23:00:00,Annual,Annual average rate of change,Services related to housing,"European Union (EU6-1958, EU9-1973, EU10-1981, EU12-1986, EU15-1995, EU25-2004, EU27-2007, EU28-2013, EU27-2020)",2010,1.9,,
ESTAT:PRC_HICP_AIND(1.0),06/02/26 23:00:00,Annual,Annual average rate of change,Services related to housing,"European Union (EU6-1958, EU9-1973, EU10-1981, EU12-1986, EU15-1995, EU25-2004, EU27-2007, EU28-2013, EU27-2020)",2011,2.0,,
ESTAT:PRC_HICP_AIND(1.0),06/02/26 23:00:00,Annual,Annual average rate of change,Services related to housing,"European Union (EU6-1958, EU9-1973, EU10-1981, EU12-1986, EU15-1995, EU25-2004, EU27-2007, EU28-2013, EU27-2020)",2012,2.1,,
ESTAT:PRC_HICP_AIND(1.0),06/02/26 23:00:00,Annual,Annual average rate of change,Services related to housing,"European Union (EU6-1958, EU9-1973, EU10-1981, EU12-1986, EU15-1995, EU25-2004, EU27-2007, EU28-2013, EU27-2020)",2013,1.9,,
ESTAT:PRC_HICP_AIND(1.0),06/02/26 23:00:00,Annual,Annual average rate of change,Services related to housing,"European Union (EU6-1958, EU9-1973, EU10-1981, EU12-1986, EU15-1995, EU25-2004, EU27-2007, EU28-2013, EU27-2020)",2014,1.8,,
ESTAT:PRC_HICP_AIND(1.0),06/02/26 23:00:00,Annual,Annual average rate of change,Services related to housing,"European Union (EU6-1958, EU9-1973, EU10-1981, EU12-1986, EU15-1995, EU25-2004, EU27-2007, EU28-2013, EU27-2020)",2015,1.4,,
ESTAT:PRC_HICP_AIND(1.0),06/02/26 23:00:00,Annual,Annual average rate of change,Services related to housing,"European Union (EU6-1958, EU9-1973, EU10-1981, EU12-1986, EU15-1995, EU25-2004, EU27-2007, EU28-2013, EU27-2020)",2016,1.2,,
ESTAT:PRC_HICP_AIND(1.0),06/02/26 23:00:00,Annual,Annual average rate of change,Services related to housing,"European Union (EU6-1958, EU9-1973, EU10-1981, EU12-1986, EU15-1995, EU25-2004, EU27-2007, EU28-2013, EU27-2020)",2017,1.4,b,
ESTAT:PRC_HICP_AIND(1.0),06/02/26 23:00:00,Annual,Annual average rate of change,Services related to housing,"European Union (EU6-1958, EU9-1973, EU10-1981, EU12-1986, EU15-1995, EU25-2004, EU27-2007, EU28-2013, EU27-2020)",2018,1.3,,
ESTAT:PRC_HICP_AIND(1.0),06/02/26 23:00:00,Annual,Annual average rate of change,Services related to housing,"European Union (EU6-1958, EU9-1973, EU10-1981, EU12-1986, EU15-1995, EU25-2004, EU27-2007, EU28-2013, EU27-2020)",2019,1.6,,
ESTAT:PRC_HICP_AIND(1.0),06/02/26 23:00:00,Annual,Annual average rate of change,Services related to housing,"European Union (EU6-1958, EU9-1973, EU10-1981, EU12-1986, EU15-1995, EU25-2004, EU27-2007, EU28-2013, EU27-2020)",2020,1.8,,
ESTAT:PRC_HICP_AIND(1.0),06/02/26 23:00:00,Annual,Annual average rate of change,Services related to housing,"European Union (EU6-1958, EU9-1973, EU10-1981, EU12-1986, EU15-1995, EU25-2004, EU27-2007, EU28-2013, EU27-2020)",2021,1.9,,
ESTAT:PRC_HICP_AIND(1.0),06/02/26 23:00:00,Annual,Annual average rate of change,Services related to housing,"European Union (EU6-1958, EU9-1973, EU10-1981, EU12-1986, EU15-1995, EU25-2004, EU27-2007, EU28-2013, EU27-2020)",2022,3.2,,
ESTAT:PRC_HICP_AIND(1.0),06/02/26 23:00:00,Annual,Annual average rate of change,Services related to housing,"European Union (EU6-1958, EU9-1973, EU10-1981, EU12-1986, EU15-1995, EU25-2004, EU27-2007, EU28-2013, EU27-2020)",2023,4.2,,
ESTAT:PRC_HICP_AIND(1.0),06/02/26 23:00:00,Annual,Annual average rate of change,Services related to housing,"European Union (EU6-1958, EU9-1973, EU10-1981, EU12-1986, EU15-1995, EU25-2004, EU27-2007, EU28-2013, EU27-2020)",2024,3.7,,
ESTAT:PRC_HICP_AIND(1.0),06/02/26 23:00:00,Annual,Annual average rate of change,Services related to housing,"European Union (EU6-1958, EU9-1973, EU10-1981, EU12-1986, EU15-1995, EU25-2004, EU27-2007, EU28-2013, EU27-2020)",2025,3.7,,
ESTAT:PRC_HICP_AIND(1.0),06/02/26 23:00:00,Annual,Annual average rate of change,Services related to housing,Poland,1997,25.3,d,
ESTAT:PRC_HICP_AIND(1.0),06/02/26 23:00:00,Annual,Annual average rate of change,Services related to housing,Poland,1998,22.7,d,
ESTAT:PRC_HICP_AIND(1.0),06/02/26 23:00:00,Annual,Annual average rate of change,Services related to housing,Poland,1999,18.0,d,
ESTAT:PRC_HICP_AIND(1.0),06/02/26 23:00:00,Annual,Annual average rate of change,Services related to housing,Poland,2000,16.8,,
ESTAT:PRC_HICP_AIND(1.0),06/02/26 23:00:00,Annual,Annual average rate of change,Services related to housing,Poland,2001,11.0,,
ESTAT:PRC_HICP_AIND(1.0),06/02/26 23:00:00,Annual,Annual average rate of change,Services related to housing,Poland,2002,5.1,,
ESTAT:PRC_HICP_AIND(1.0),06/02/26 23:00:00,Annual,Annual average rate of change,Services related to housing,Poland,2003,3.7,,
ESTAT:PRC_HICP_AIND(1.0),06/02/26 23:00:00,Annual,Annual average rate of change,Services related to housing,Poland,2004,2.7,,
ESTAT:PRC_HICP_AIND(1.0),06/02/26 23:00:00,Annual,Annual average rate of change,Services related to housing,Poland,2005,2.9,,
ESTAT:PRC_HICP_AIND(1.0),06/02/26 23:00:00,Annual,Annual average rate of change,Services related to housing,Poland,2006,2.7,,
ESTAT:PRC_HICP_AIND(1.0),06/02/26 23:00:00,Annual,Annual average rate of change,Services related to housing,Poland,2007,5.2,,
ESTAT:PRC_HICP_AIND(1.0),06/02/26 23:00:00,Annual,Annual average rate of change,Services related to housing,Poland,2008,8.0,,
ESTAT:PRC_HICP_AIND(1.0),06/02/26 23:00:00,Annual,Annual average rate of change,Services related to housing,Poland,2009,5.8,,
ESTAT:PRC_HICP_AIND(1.0),06/02/26 23:00:00,Annual,Annual average rate of change,Services related to housing,Poland,2010,2.8,,
ESTAT:PRC_HICP_AIND(1.0),06/02/26 23:00:00,Annual,Annual average rate of change,Services related to housing,Poland,2011,3.9,,
ESTAT:PRC_HICP_AIND(1.0),06/02/26 23:00:00,Annual,Annual average rate of change,Services related to housing,Poland,2012,3.4,,
ESTAT:PRC_HICP_AIND(1.0),06/02/26 23:00:00,Annual,Annual average rate of change,Services related to housing,Poland,2013,4.1,,
ESTAT:PRC_HICP_AIND(1.0),06/02/26 23:00:00,Annual,Annual average rate of change,Services related to housing,Poland,2014,2.8,,
ESTAT:PRC_HICP_AIND(1.0),06/02/26 23:00:00,Annual,Annual average rate of change,Services related to housing,Poland,2015,1.4,,
ESTAT:PRC_HICP_AIND(1.0),06/02/26 23:00:00,Annual,Annual average rate of change,Services related to housing,Poland,2016,1.8,,
ESTAT:PRC_HICP_AIND(1.0),06/02/26 23:00:00,Annual,Annual average rate of change,Services related to housing,Poland,2017,3.2,b,
ESTAT:PRC_HICP_AIND(1.0),06/02/26 23:00:00,Annual,Annual average rate of change,Services related to housing,Poland,2018,3.9,,
ESTAT:PRC_HICP_AIND(1.0),06/02/26 23:00:00,Annual,Annual average rate of change,Services related to housing,Poland,2019,6.7,,
ESTAT:PRC_HICP_AIND(1.0),06/02/26 23:00:00,Annual,Annual average rate of change,Services related to housing,Poland,2020,11.4,,
ESTAT:PRC_HICP_AIND(1.0),06/02/26 23:00:00,Annual,Annual average rate of change,Services related to housing,Poland,2021,10.2,,
ESTAT:PRC_HICP_AIND(1.0),06/02/26 23:00:00,Annual,Annual average rate of change,Services related to housing,Poland,2022,16.0,,
ESTAT:PRC_HICP_AIND(1.0),06/02/26 23:00:00,Annual,Annual average rate of change,Services related to housing,Poland,2023,11.8,,
ESTAT:PRC_HICP_AIND(1.0),06/02/26 23:00:00,Annual,Annual average rate of change,Services related to housing,Poland,2024,6.5,,
ESTAT:PRC_HICP_AIND(1.0),06/02/26 23:00:00,Annual,Annual average rate of change,Services related to housing,Poland,2025,7.1,,
